Count,Accel.X,Accel.Y,Accel.Z,Gyro.X,Gyro.Y,Gyro.Z
2,0.0357,0.1113,1.0454,0.0111,-0.0044,-0.0003
3,0.0352,0.1088,1.0444,0.0113,0.0004,-0.0009
4,0.0334,0.1096,1.0437,0.0071,-0.0047,-0.0013
5,0.0366,0.1098,1.0457,0.01,-0.0045,-0.0025
6,0.0366,0.1082,1.0438,0.0091,-0.0024,-0.0011
7,0.0342,0.1074,1.0432,0.0084,-0.0027,-0.0027
8,0.0352,0.109,1.0449,0.0061,-0.0023,-0.0012
9,0.0349,0.1081,1.0428,0.0055,-0.0027,0.0
10,0.0347,0.1105,1.0457,0.0124,-0.0009,-0.0019
11,0.0363,0.1104,1.0442,0.0065,-0.0012,-0.0008
12,0.0341,0.1105,1.0447,0.0067,-0.0027,-0.0017
13,0.0342,0.1085,1.0413,0.0103,-0.0043,-0.002
14,0.0358,0.1107,1.0429,0.0134,-0.0017,-0.0021
15,0.0351,0.1127,1.0441,0.0096,-0.0045,-0.002
16,0.0353,0.1081,1.0423,0.0067,-0.004,-0.0024
17,0.0366,0.1075,1.0449,0.0087,-0.0028,-0.0029
18,0.0346,0.1087,1.0475,0.0101,-0.002,-0.0012
19,0.0358,0.1099,1.0451,0.0089,-0.0041,-0.0019
20,0.0348,0.1083,1.0422,0.0075,-0.0037,0.0
21,0.0352,0.1109,1.0444,0.0099,-0.0024,-0.0009
22,0.035,0.1098,1.043,0.0071,-0.0025,-0.002
23,0.0361,0.1072,1.045,0.0068,-0.0029,-0.0023
24,0.0331,0.1082,1.0449,0.0103,-0.0036,-0.0019
25,0.0353,0.108,1.045,0.0077,-0.0019,-0.0025
26,0.0347,0.1076,1.0434,0.0101,-0.0025,-0.0021
27,0.0336,0.1088,1.0432,0.0065,-0.0044,-0.0015
28,0.036,0.1118,1.0434,0.0083,-0.0029,-0.0019
29,0.0348,0.1075,1.0444,0.0096,-0.0032,-0.0031
30,0.0328,0.1103,1.0439,0.0091,-0.0028,-0.0016
31,0.0347,0.1099,1.0431,0.0075,-0.0037,-0.0008
32,0.0352,0.1077,1.0475,0.0133,-0.0033,-0.0009
33,0.0366,0.1082,1.0457,0.0123,-0.0019,-0.0003
34,0.037,0.1084,1.0451,0.01,-0.0045,-0.0024
35,0.0369,0.1063,1.045,0.0081,-0.0029,-0.0044
36,0.0358,0.1077,1.0421,0.0097,-0.0001,-0.002
37,0.0331,0.1113,1.0459,0.0069,-0.0011,-0.0012
38,0.0356,0.1095,1.0446,0.0071,-0.0053,-0.0019
39,0.0353,0.108,1.0411,0.0112,-0.0023,-0.0008
40,0.0356,0.1092,1.046,0.0111,0.0004,-0.0024
41,0.0369,0.1097,1.046,0.0051,-0.0035,-0.0011
42,0.0381,0.1049,1.0424,0.0081,-0.0057,-0.002
43,0.0341,0.1083,1.0445,0.01,-0.0013,-0.0008
44,0.0332,0.1109,1.0473,0.0121,-0.0031,-0.0003
45,0.0358,0.1097,1.0444,0.0056,-0.0049,-0.0017
46,0.0342,0.1091,1.0415,0.0077,-0.004,-0.0024
47,0.0351,0.1098,1.0462,0.0115,-0.0016,0.0
48,0.0359,0.1075,1.0495,0.0073,-0.0025,-0.0027
49,0.0369,0.1063,1.0442,0.0061,-0.0033,-0.0033
50,0.0371,0.1065,1.0424,0.0116,-0.0015,-0.0017
51,0.034,0.108,1.0481,0.0128,-0.0012,-0.0025
52,0.0358,0.1095,1.046,0.0084,-0.0029,-0.0024
53,0.0348,0.1055,1.0408,0.0057,-0.0019,-0.0008
54,0.0346,0.1082,1.0456,0.0099,-0.0005,-0.0039
55,0.0347,0.1137,1.043,0.0088,-0.0009,-0.0024
56,0.0357,0.1093,1.0459,0.0051,-0.0037,-0.0025
57,0.0364,0.1088,1.0433,0.0091,-0.004,-0.0031
58,0.0333,0.1102,1.044,0.0093,-0.0032,-0.0008
59,0.0356,0.1091,1.046,0.0097,-0.0044,-0.0033
60,0.0355,0.1066,1.0451,0.0055,-0.0036,-0.002
61,0.0359,0.1063,1.0424,0.0103,-0.0025,-0.0024
62,0.0352,0.1102,1.0453,0.0095,-0.0021,0.0005
63,0.036,0.1123,1.0442,0.0109,-0.0045,-0.0015
64,0.037,0.1078,1.0441,0.0063,-0.0024,-0.0003
65,0.0353,0.1063,1.0433,0.0104,-0.0015,-0.0024
66,0.0372,0.1076,1.0435,0.0144,-0.0011,-0.0021
67,0.0344,0.1065,1.0444,0.0072,-0.0036,-0.0017
68,0.0337,0.1074,1.0416,0.0087,-0.0032,-0.0028
69,0.0375,0.1079,1.0436,0.0152,-0.0015,-0.0032
70,0.0363,0.1107,1.0477,0.0073,-0.0001,-0.0017
71,0.0352,0.1105,1.0412,0.0059,-0.0025,-0.0021
72,0.0342,0.1078,1.0434,0.0088,-0.0004,-0.0015
73,0.036,0.1097,1.0456,0.0093,0.0031,-0.0016
74,0.0368,0.1111,1.0474,0.0052,-0.0007,-0.002
75,0.032,0.1088,1.0475,0.0045,-0.006,-0.0009
76,0.0356,0.1089,1.0416,0.0149,-0.0068,-0.0011
77,0.0349,0.1085,1.0464,0.013,-0.0015,0.0015
78,0.0363,0.1037,1.0451,0.0055,-0.0043,-0.0013
79,0.035,0.1049,1.0434,0.0015,-0.0011,-0.0005
80,0.0348,0.1089,1.041,0.0097,0.0013,-0.0024
81,0.0356,0.1091,1.0471,0.0128,-0.0016,-0.0008
82,0.0325,0.1104,1.0467,0.0064,-0.0017,-0.0041
83,0.0347,0.1103,1.0413,0.0023,-0.0021,-0.0004
84,0.0338,0.1082,1.0446,0.0158,-0.0005,-0.0036
85,0.0359,0.1096,1.0476,0.0128,-0.0009,-0.0017
86,0.0345,0.1099,1.044,0.0065,-0.0032,-0.0035
87,0.0354,0.1072,1.0424,0.0097,-0.0012,-0.0017
88,0.0349,0.1064,1.0452,0.0153,-0.0016,-0.0029
89,0.0354,0.1122,1.0464,0.0089,0.0,-0.0025
90,0.0329,0.108,1.0422,0.0041,-0.0037,0.0
91,0.0343,0.1087,1.0441,0.0136,-0.0031,-0.0017
92,0.0373,0.1089,1.0458,0.0089,-0.0025,0.0011
93,0.0353,0.1051,1.046,0.0116,-0.0049,-0.0007
94,0.0357,0.1064,1.0422,0.0043,-0.0075,0.0004
95,0.0387,0.1087,1.0452,0.0125,-0.0019,-0.0025
96,0.0361,0.1078,1.0447,0.0096,-0.0052,-0.0005
97,0.0343,0.1055,1.0474,0.0084,-0.0069,-0.0011
98,0.0364,0.1116,1.0452,0.0071,-0.0056,-0.0016
99,0.0333,0.109,1.0471,0.0108,-0.0063,-0.0004
100,0.0356,0.1111,1.0466,0.0104,-0.0033,-0.0029
101,0.0349,0.1119,1.0445,0.0041,-0.0025,-0.0003
102,0.0349,0.1078,1.0432,0.0073,-0.0031,-0.0004
103,0.0357,0.1085,1.0438,0.0099,-0.0007,-0.0021
104,0.0344,0.1102,1.0479,0.0065,0.0,-0.0024
105,0.0353,0.1098,1.0446,0.0053,-0.0013,-0.0024
106,0.0383,0.1053,1.0413,0.0107,-0.0007,-0.0036
107,0.0349,0.1089,1.046,0.0136,-0.0007,-0.0027
108,0.0347,0.1118,1.0445,0.0105,-0.0045,-0.0032
109,0.0345,0.1069,1.0422,0.0099,-0.0049,-0.0009
110,0.0338,0.1075,1.0429,0.0153,-0.0021,-0.0032
111,0.035,0.1115,1.0458,0.0126,-0.0016,-0.0017
112,0.0339,0.1071,1.0431,0.0091,-0.0012,-0.0044
113,0.0331,0.1066,1.0439,0.0097,-0.0003,-0.0035
114,0.0371,0.1086,1.0436,0.0119,-0.0013,-0.0024
115,0.0349,0.1072,1.0448,0.0105,-0.0016,-0.0016
116,0.0362,0.1107,1.0452,0.0081,-0.0011,-0.0053
117,0.0356,0.1108,1.0445,0.0061,0.0001,-0.0011
118,0.0328,0.1092,1.0446,0.0088,0.0024,-0.0028
119,0.0345,0.1117,1.0452,0.0075,-0.0008,-0.0023
120,0.0339,0.1083,1.0429,0.0055,-0.0055,-0.0007
121,0.0341,0.1081,1.0442,0.0124,-0.0081,-0.0001
122,0.0376,0.1083,1.0448,0.012,-0.0076,-0.0004
123,0.0368,0.1094,1.0471,0.0065,-0.0061,0.0
124,0.0358,0.1055,1.0421,0.0085,-0.0077,0.0003
125,0.0356,0.1055,1.0457,0.0104,-0.0036,-0.0001
126,0.0345,0.1103,1.0461,0.0081,-0.0048,-0.002
127,0.033,0.1093,1.0466,0.0063,-0.0007,-0.0012
128,0.0361,0.1092,1.0424,0.0061,-0.002,-0.0003
129,0.0364,0.1096,1.0474,0.0113,-0.0011,-0.0019
130,0.0345,0.1076,1.0451,0.0048,-0.0043,-0.0007
131,0.0344,0.1074,1.0444,0.0095,-0.0024,-0.0032
132,0.0353,0.1083,1.0439,0.0073,-0.0057,-0.0003
133,0.0347,0.1086,1.0404,0.013,-0.0037,-0.0016
134,0.0368,0.1086,1.0458,0.0092,-0.0019,-0.0028
135,0.0332,0.1107,1.0454,0.0049,-0.0024,-0.0021
136,0.0352,0.1146,1.0442,0.0093,-0.0024,-0.0017
137,0.0347,0.1098,1.0453,0.0132,-0.0053,-0.0015
138,0.0361,0.1103,1.0462,0.0128,-0.0025,-0.0004
139,0.0358,0.1043,1.0448,0.0077,-0.0044,-0.0008
140,0.0377,0.1075,1.0424,0.0132,-0.0027,-0.0036
141,0.0339,0.1057,1.0411,0.0061,-0.0035,0.0016
142,0.0339,0.1057,1.0451,0.0144,-0.0004,-0.0036
143,0.0359,0.1117,1.0435,0.006,-0.0048,-0.0027
144,0.0361,0.1118,1.0446,0.0061,-0.0021,-0.0011
145,0.032,0.1086,1.0428,0.0125,-0.0025,0.0003
146,0.033,0.1055,1.0475,0.0134,-0.0029,-0.002
147,0.0388,0.1147,1.0434,0.0065,-0.0047,-0.0052
148,0.0356,0.1106,1.0433,0.0031,-0.0071,0.0024
149,0.0334,0.1014,1.0444,0.0169,-0.0016,-0.0011
150,0.0369,0.1102,1.0474,0.0148,-0.0041,-0.0023
151,0.0355,0.1083,1.0451,0.0009,-0.0104,0.0001
152,0.0377,0.1039,1.0378,0.0092,-0.0043,-0.0031
153,0.0372,0.1122,1.0414,0.0198,-0.0011,0.0004
154,0.0306,0.1127,1.0488,0.0091,-0.0047,-0.0043
155,0.0407,0.1074,1.0427,-0.0001,-0.006,-0.0032
156,0.0352,0.103,1.041,0.0107,-0.0016,-0.0003
157,0.028,0.1122,1.0463,0.019,-0.0007,-0.0045
158,0.0394,0.1091,1.0476,0.006,-0.0044,-0.0025
159,0.0396,0.1066,1.0404,-0.0001,-0.0063,-0.0021
160,0.0317,0.1053,1.0417,0.0196,-0.0013,-0.0005
161,0.0359,0.1098,1.0499,0.0165,0.0001,-0.0041
162,0.0392,0.1066,1.0464,-0.0017,-0.0035,-0.0001
163,0.033,0.105,1.0428,0.0029,-0.0049,-0.0013
164,0.0365,0.1132,1.0419,0.0216,0.0003,-0.0041
165,0.0343,0.1151,1.0503,0.0148,-0.0044,0.0023
166,0.0366,0.1061,1.0449,-0.0005,-0.0063,-0.0053
167,0.0366,0.1035,1.04,0.0091,-0.0036,0.0003
168,0.0366,0.1102,1.0436,0.0232,-0.0007,-0.0033
169,0.0333,0.1121,1.0486,0.0092,-0.0048,-0.0011
170,0.0374,0.1089,1.0437,0.0029,-0.0061,-0.0069
171,0.0364,0.1028,1.0405,0.0129,-0.0019,0.0005
172,0.0345,0.1135,1.0466,0.0248,0.0013,-0.0077
173,0.0377,0.1098,1.0481,0.008,-0.0044,-0.0008
174,0.0319,0.1055,1.0416,0.0029,-0.004,-0.0032
175,0.0399,0.1061,1.0414,0.0189,-0.0004,-0.0072
176,0.0374,0.1127,1.0474,0.0148,0.0011,0.0025
177,0.0414,0.0988,1.0487,0.0035,-0.0036,-0.0071
178,0.1453,0.102,1.0384,-0.0093,-0.0049,-0.0843
179,0.2208,0.1381,1.0341,-0.0096,0.0,-0.0345
180,0.2183,0.0872,1.0334,0.0202,-0.0051,0.0241
181,0.202,0.1161,1.0453,0.0304,-0.0012,-0.0158
182,0.2175,0.121,1.0357,-0.01,-0.0101,0.0063
183,0.2045,0.0643,1.0385,0.0105,-0.0168,0.0059
184,0.128,0.1214,1.0353,0.0365,-0.0023,0.0403
185,0.0065,0.0785,1.0576,0.0358,-0.0233,0.1043
186,0.0828,0.0892,1.0509,0.0049,-0.002,-0.0892
187,0.0609,0.14,1.0355,-0.0364,-0.0103,0.0502
188,0.0286,0.0409,1.0277,0.0585,-0.0105,0.0402
189,0.0525,0.1048,1.0676,0.0173,0.0146,-0.031
190,0.0422,0.1049,1.0463,-0.0132,-0.0244,0.0176
191,0.0413,0.0837,1.0312,-0.0053,-0.0021,0.0312
192,0.0551,0.0705,1.0386,0.0362,-0.0092,-0.0109
193,0.0167,0.1056,1.0623,0.0272,0.0,0.0218
194,0.0742,0.1038,1.0397,-0.0244,-0.0185,-0.0254
195,0.0359,0.0645,1.0447,-0.0048,-0.0089,0.0708
196,0.0262,0.0675,1.0406,0.0615,-0.0001,-0.0329
197,0.0654,0.1138,1.0637,-0.0043,-0.0049,-0.0103
198,0.0627,0.0629,1.0455,-0.0249,-0.0154,0.0409
199,0.0138,0.0423,1.0398,0.02,-0.0165,0.0051
200,0.0838,0.1271,1.0448,0.0387,0.0192,-0.0609
201,0.0391,0.0612,1.0701,0.0033,-0.033,0.0972
202,0.021,0.0628,1.0321,-0.0119,-0.0059,-0.0686
203,0.067,0.1071,1.0391,0.0222,-0.0117,-0.0265
204,0.0463,0.0901,1.0499,0.0378,0.0092,0.0471
205,0.0108,0.0553,1.0584,0.0039,-0.0325,-0.0145
206,0.0536,0.1422,1.034,-0.0108,0.0105,-0.08
207,0.0719,0.0668,1.0198,-0.0067,0.0571,0.0517
208,0.0878,0.1232,0.94,0.0788,-0.1019,-0.0325
209,-0.0413,0.1071,1.1478,0.0043,-0.0041,-0.0522
210,0.101,0.1488,0.9724,-0.0365,0.0411,0.0233
211,-0.0933,0.0372,1.0944,0.043,-0.0808,0.0011
212,0.124,0.2081,0.935,-0.0236,0.3907,-0.1346
213,0.0261,0.1225,1.1119,0.0194,-0.298,0.037
214,0.0134,0.1025,0.9692,-0.0868,0.2138,0.0093
215,-0.0079,0.108,1.0618,0.1044,-0.1824,-0.0762
216,0.0388,0.1689,1.063,-0.0112,0.1864,-0.0083
217,0.0205,0.067,1.0513,-0.0182,-0.1334,0.0356
218,-0.0026,0.1168,1.0223,-0.0237,0.0658,-0.0595
219,0.0695,0.1348,1.0289,0.0664,-0.0471,-0.0085
220,-0.0397,0.0803,1.1072,-0.0088,0.0561,0.0756
221,0.0663,0.1133,0.9852,-0.0116,-0.0487,-0.0997
222,0.0271,0.1256,1.0771,-0.0258,0.034,0.025
223,0.0525,0.0583,1.0068,0.0591,-0.0261,0.0477
224,-0.0017,0.0885,1.0826,0.0181,0.0077,-0.0225
225,0.0493,0.1207,1.0493,-0.0274,-0.0352,-0.0534
226,0.0467,0.0651,1.0286,-0.0288,0.0409,0.0624
227,0.0247,0.0704,1.0287,0.0728,-0.031,-0.0165
228,0.0453,0.0898,1.0842,0.0113,0.0039,-0.0145
229,0.0478,0.0859,1.0498,-0.0505,0.0019,0.0233
230,0.0211,0.0249,1.0182,0.0142,-0.0201,-0.0001
231,0.0417,0.1245,1.0594,0.0663,0.0196,-0.0638
232,0.0707,0.0569,1.0636,-0.0121,-0.0242,0.0439
233,0.0111,0.0857,1.0385,-0.0317,-0.0056,-0.0148
234,0.0387,0.0519,1.0355,0.0186,0.0088,-0.0322
235,0.0578,0.122,1.0487,0.0459,-0.0004,-0.0035
236,0.019,0.0607,1.0642,-0.0039,-0.0253,0.0182
237,-0.0018,0.1293,1.0386,-0.0249,0.0149,-0.0501
238,0.0911,0.091,1.014,0.0336,-0.039,-0.0109
239,-0.0224,0.1215,1.089,0.0285,0.049,0.0427
240,0.016,0.1043,1.0176,0.0024,-0.0366,-0.055
241,0.0433,0.1466,1.0446,-0.0258,-0.0036,-0.0117
242,0.0281,0.1004,1.022,0.025,0.0292,0.0686
243,-0.0441,0.1152,1.0544,0.0485,-0.0241,-0.0075
244,0.0607,0.1218,1.0502,-0.0246,0.0136,-0.0767
245,0.0423,0.1139,1.0426,-0.0313,-0.0277,0.079
246,-0.0466,0.0645,1.0211,0.0491,0.0077,-0.0138
247,0.0798,0.1669,1.0417,0.0455,-0.0391,-0.0578
248,0.0188,0.0928,1.0889,-0.0489,0.0353,0.0812
249,-0.005,0.0747,0.9905,-0.008,-0.0462,-0.0103
250,0.0536,0.1161,1.0632,0.0423,0.0202,-0.0607
251,0.0581,0.0923,1.0568,0.0073,-0.0051,0.0917
252,-0.0093,0.0497,1.0557,-0.0165,-0.0373,-0.022
253,0.0669,0.1036,1.0228,-0.0128,0.0133,-0.0708
254,0.0746,0.0889,1.0543,0.0321,-0.0099,0.0461
255,-0.0147,0.0403,1.0599,0.0112,-0.0012,0.0406
256,0.045,0.0975,1.0415,-0.0134,-0.0115,-0.0791
257,0.0654,0.0709,1.0549,-0.0145,-0.0028,0.0463
258,0.0,0.0567,1.0336,0.0406,-0.0119,0.0097
259,0.0414,0.0609,1.0668,0.0134,0.0057,-0.0529
260,0.0431,0.1089,1.0524,-0.0317,-0.0153,-0.0099
261,0.0427,0.0086,1.0411,0.0001,-0.0138,0.032
262,0.0161,0.102,1.0432,0.0465,0.0366,-0.0162
263,0.059,0.0498,1.079,0.0064,-0.0387,-0.0015
264,0.0166,0.1061,1.0462,-0.0372,0.0053,0.062
265,0.0123,0.0547,1.0115,0.0383,-0.0268,-0.0229
266,0.0453,0.1327,1.0689,0.0435,0.026,-0.0387
267,0.0375,0.0735,1.0578,-0.0186,-0.0142,0.0349
268,-0.0081,0.11,1.0312,-0.0141,-0.0248,-0.0168
269,0.0479,0.1025,1.0305,0.0383,0.0142,-0.0437
270,0.0156,0.1264,1.0738,0.0328,-0.015,0.029
271,0.0206,0.1238,1.029,-0.0308,0.0346,-0.0152
272,0.0109,0.1212,1.0395,-0.0033,-0.0866,-0.0172
273,0.0434,0.1464,1.023,0.036,0.0854,0.0051
274,-0.0093,0.1126,1.0619,0.0361,-0.0547,0.014
275,0.012,0.1349,1.0476,-0.0454,0.0458,-0.0783
276,0.0667,0.1304,1.0229,-0.0077,-0.0538,0.0349
277,-0.0612,0.1137,1.0332,0.0664,0.0209,0.0016
278,0.0126,0.1248,1.0612,0.0084,-0.0036,-0.1671
279,-0.0091,0.1085,1.0632,-0.0427,-0.1241,-0.211
280,0.0162,0.0875,0.9974,0.027,-0.0879,-0.2913
281,0.0403,0.1751,1.047,0.0706,-0.0377,-0.302
282,0.1265,0.1614,1.0541,0.0031,-0.0387,-0.0617
283,-0.024,0.0896,1.0542,-0.0429,-0.0035,0.0663
284,0.031,0.0644,1.0184,0.0134,-0.0083,-0.0718
285,0.0945,0.1588,1.0552,0.0383,0.0357,0.0202
286,0.0181,0.0756,1.0554,0.0039,-0.014,0.127
287,-0.0087,0.0955,1.0345,-0.0134,0.0273,-0.0112
288,0.0619,0.1086,1.0457,0.0059,0.0101,-0.012
289,0.024,0.1124,1.0385,0.0278,0.0095,0.0627
290,0.0032,0.0741,1.0525,0.0041,-0.0041,0.0136
291,0.0306,0.1228,1.0392,-0.012,-0.0134,-0.0454
292,0.0366,0.0904,1.0486,0.004,0.0089,0.0463
293,-0.0078,0.1031,1.0217,0.0391,-0.0156,-0.0016
294,0.0368,0.0887,1.0703,-0.0001,-0.0021,-0.0345
295,0.0576,0.1194,1.0304,-0.016,-0.0113,0.0244
296,-0.0034,0.0762,1.0419,0.0232,-0.0037,0.0165
297,0.0415,0.1061,1.0489,0.0346,-0.0285,-0.0192
298,0.0286,0.098,1.0917,-0.0156,0.0546,0.065
299,0.0131,0.1077,1.0059,-0.0028,-0.0489,-0.0029
300,-0.0193,0.1025,1.0845,0.0105,0.0445,-0.0587
301,0.1166,0.1547,0.9999,0.0138,0.031,-0.0232
302,-0.0474,0.1144,1.0845,0.0076,-0.0609,0.0639
303,0.0419,0.1133,0.9982,-0.0015,0.0364,-0.0574
304,0.0356,0.1641,1.0613,0.0361,-0.0318,0.0313
305,-0.0191,0.1033,1.0486,0.0071,0.0567,0.0393
306,0.0094,0.138,1.0235,0.0015,-0.0228,-0.0581
307,0.0629,0.1285,1.0558,-0.0067,0.0044,0.0161
308,0.0095,0.1388,1.0126,0.0358,-0.0134,0.0779
309,-0.0125,0.1078,1.0642,0.018,0.0128,-0.0192
310,0.0873,0.1258,1.0245,-0.0212,-0.002,-0.0133
311,0.015,0.1024,1.0695,0.0049,-0.0533,0.0972
312,0.0365,0.1075,1.0179,0.0161,0.0617,0.0873
313,0.0002,0.1053,1.077,0.0153,-0.0192,0.045
314,0.0368,0.1006,1.0388,-0.0264,0.0182,0.0157
315,0.0523,0.094,1.0179,-0.0012,-0.0161,0.0458
316,-0.0007,0.0709,1.094,0.0268,0.0101,0.0313
317,0.0385,0.1005,1.0251,0.0119,-0.0045,0.0032
318,-0.0035,0.0972,1.0839,-0.0045,0.002,-0.0375
319,0.068,0.0992,0.9972,-0.0049,0.0007,-0.0157
320,0.019,0.111,1.0766,0.0316,-0.0234,-0.0016
321,0.0248,0.0775,1.0235,0.0124,-0.0072,0.0349
322,-0.01,0.1006,1.0843,0.0035,-0.0182,-0.0772
323,0.0865,0.1053,1.0262,-0.0157,0.0423,0.0115
324,-0.0076,0.0899,1.0466,0.0458,-0.062,0.0173
325,0.024,0.0809,1.0564,0.0017,0.068,-0.0419
326,0.061,0.1554,1.0367,0.0027,-0.0395,-0.0047
327,0.0007,0.0865,1.0505,-0.0035,0.0364,0.0478
328,0.0329,0.0945,1.0344,0.0293,-0.0104,-0.0273
329,0.037,0.1221,1.0725,0.0052,0.0012,0.016
330,0.014,0.1072,1.035,-0.0037,-0.0244,0.0308
331,0.0178,0.0966,1.0328,0.0189,0.0047,-0.065
332,0.0744,0.1316,1.057,0.0229,0.0244,-0.0246
333,0.0048,0.1199,1.0416,0.0126,-0.0172,0.0654
334,0.0143,0.1008,1.034,-0.0061,0.0152,-0.0499
335,0.0638,0.1646,1.0415,0.0184,0.0081,-0.0266
336,0.0167,0.1261,1.0401,0.02,-0.0004,0.0543
337,-0.0055,0.1034,1.0444,0.0137,-0.0093,-0.0375
338,0.0641,0.1428,1.0476,-0.0025,0.0067,-0.019
339,0.0102,0.1257,1.0352,0.02,-0.0453,0.0611
340,-0.0186,0.1015,1.0509,0.0157,0.0599,-0.0348
341,0.088,0.1278,1.0331,0.0162,-0.0395,-0.0587
342,0.0194,0.1212,1.0555,-0.0174,0.0206,0.0651
343,0.0107,0.0891,1.0162,0.0298,-0.0225,-0.0349
344,0.0359,0.1425,1.0715,0.0162,0.0212,-0.0413
345,0.0565,0.1097,1.0341,-0.0035,-0.0063,0.0356
346,-0.0069,0.0918,1.0444,0.0045,-0.0166,0.0069
347,0.0493,0.116,1.0377,0.0186,0.0166,-0.0655
348,0.0469,0.1383,1.0541,0.0144,-0.0109,0.0304
349,-0.0103,0.1086,1.0402,-0.0025,0.0282,0.0177
350,0.039,0.0889,1.0355,0.0085,-0.0043,-0.0348
351,0.0449,0.1393,1.0618,0.013,0.0079,0.0133
352,-0.0059,0.0967,1.0389,0.0007,0.0173,0.0462
353,0.0267,0.1388,1.0333,0.0172,-0.0168,-0.0449
354,0.0381,0.1016,1.061,-0.0032,0.0025,0.0224
355,0.0134,0.0927,1.0296,0.0261,-0.0252,0.0242
356,-0.0182,0.096,1.0786,0.008,0.0301,-0.0385
357,0.0909,0.1713,0.9957,0.0115,-0.0262,-0.0293
358,-0.0066,0.0931,1.0746,0.0076,0.004,0.0498
359,0.0193,0.0942,1.0167,0.0209,0.0268,-0.0321
360,0.0435,0.1237,1.0695,0.018,-0.0188,-0.0431
361,0.0374,0.131,1.0368,-0.0128,0.0097,0.0503
362,0.0024,0.0887,1.0336,0.0233,-0.0332,-0.0341
363,0.0618,0.1309,1.0568,0.0204,0.0451,-0.0421
364,0.0357,0.1235,1.0381,0.0119,-0.0292,0.041
365,-0.0038,0.1034,1.0476,-0.0065,0.019,-0.02
366,0.0613,0.1378,1.0301,0.0204,-0.0093,-0.0557
367,0.0242,0.1217,1.0714,0.0201,-0.0001,0.0257
368,0.0133,0.0897,1.0407,0.0087,0.0212,-0.0097
369,0.0327,0.1265,1.0477,0.0061,-0.0336,-0.0467
370,0.0495,0.1418,1.0381,0.0113,0.0112,-0.0052
371,0.007,0.1064,1.0402,0.0316,-0.0134,0.0027
372,0.0358,0.1032,1.0601,0.0157,0.0085,-0.0682
373,0.05,0.1221,1.0394,-0.0004,-0.031,-0.0138
374,0.0196,0.1241,1.0438,0.0142,0.0132,-0.0012
375,0.0123,0.123,1.0345,0.0305,-0.0125,-0.0268
376,0.0319,0.126,1.0609,0.0136,0.0013,-0.0494
377,0.0455,0.1117,1.0306,0.0036,-0.021,-0.0003
378,0.0126,0.1139,1.0485,0.016,0.0111,-0.0364
379,0.0378,0.1355,1.0405,0.024,-0.0164,-0.02
380,0.0129,0.127,1.0454,0.026,-0.0076,-0.0248
381,0.0353,0.0947,1.0472,0.0043,-0.0112,-0.0567
382,0.0281,0.1116,1.0444,0.0322,-0.034,-0.0826
383,0.06,0.1581,1.0268,0.0105,0.0052,-0.0405
384,0.0154,0.1368,1.0562,0.0125,0.0092,0.0748
385,0.0197,0.0787,1.0299,0.0129,-0.0401,-0.0455
386,0.0709,0.1516,1.0456,0.0137,0.0305,-0.019
387,0.026,0.1068,1.0494,-0.0011,0.0264,0.1019
388,-0.0001,0.132,1.041,0.0149,-0.0188,-0.0028
389,0.067,0.1462,1.045,0.0043,0.0134,0.0067
390,0.0145,0.0925,1.0379,0.0146,-0.0185,0.0569
391,0.0244,0.114,1.05,0.0248,-0.0025,-0.0383
392,0.0519,0.1647,1.0355,0.0096,-0.0048,0.0064
393,0.0155,0.1242,1.0474,0.0116,0.0417,0.0224
394,0.033,0.1038,1.0371,0.0288,-0.035,-0.029
395,0.0615,0.1331,1.0586,0.0132,0.0193,-0.0196
396,0.0241,0.1062,1.0314,0.0039,-0.0294,0.0362
397,0.0303,0.1357,1.049,0.019,0.015,-0.0469
398,0.065,0.1447,1.037,0.016,-0.006,0.0126
399,0.0106,0.1022,1.0408,0.027,-0.0093,0.0043
400,0.0529,0.1272,1.0477,-0.0001,0.0112,-0.0262
401,0.0408,0.1396,1.0472,-0.0001,-0.0124,0.0314
402,0.0029,0.1117,1.0325,0.0328,-0.031,-0.0232
403,0.0555,0.1364,1.0531,0.0337,0.0284,-0.0308
404,0.0311,0.1104,1.0551,0.0019,-0.0172,0.0015
405,0.0345,0.1415,1.0339,-0.0023,-0.0001,-0.0052
406,0.0212,0.1163,1.0291,0.0391,-0.0202,-0.0232
407,0.0611,0.1462,1.0549,0.0368,0.0053,-0.0277
408,0.0819,0.1061,1.0496,-0.004,-0.0208,-0.0121
409,0.1263,0.1347,1.0187,0.0093,-0.0185,-0.0708
410,0.1534,0.1588,1.0303,0.0242,0.0186,-0.0461
411,0.1575,0.1603,1.0264,0.0471,-0.004,0.0186
412,0.1191,0.0966,1.0623,0.0003,-0.0123,-0.0039
413,0.2017,0.1393,1.0263,0.002,-0.0096,-0.0599
414,0.1376,0.112,1.0352,0.0088,0.0125,0.0493
415,0.1761,0.0946,1.0468,0.0354,-0.0205,-0.0915
416,0.1948,0.1385,1.0511,0.0157,-0.0401,-0.0324
417,0.1082,0.1004,1.0231,-0.0113,0.0177,0.0567
418,0.0646,0.1052,1.0398,0.0587,-0.0201,-0.0193
419,0.0833,0.1442,1.0604,0.0037,0.0262,0.0068
420,0.0271,0.0975,1.0414,-0.0087,-0.0349,0.0304
421,0.0486,0.1004,1.0319,0.0108,0.014,-0.0382
422,0.0646,0.1225,1.0475,0.0284,-0.012,0.0169
423,0.0212,0.0917,1.0552,-0.0047,0.008,0.0076
424,0.0569,0.118,1.0417,0.0039,-0.0194,-0.028
425,0.0462,0.1126,1.0369,0.0004,0.0103,0.0194
426,0.0269,0.1089,1.0393,0.0407,-0.0055,-0.0053
427,0.0486,0.1305,1.0536,0.0021,0.0069,-0.012
428,0.0326,0.11,1.0364,-0.008,-0.0152,0.0137
429,0.0383,0.1107,1.0364,0.013,0.0015,-0.0184
430,0.0494,0.1248,1.0443,0.0232,-0.0001,0.0079
431,0.0237,0.1092,1.0529,0.0044,0.0003,-0.0008
432,0.0541,0.1137,1.04,-0.0129,-0.0113,-0.0134
433,0.0358,0.1078,1.0362,0.0158,0.0007,0.0129
434,0.0356,0.1135,1.0477,0.0248,0.0004,-0.0068
435,0.0476,0.1248,1.0532,0.0037,-0.0041,-0.0017
436,0.0349,0.1066,1.0358,-0.0092,-0.0067,0.0027
437,0.0414,0.1121,1.0367,0.0233,-0.0025,-0.0092
438,0.042,0.1201,1.046,0.0206,0.0041,0.0032
439,0.0341,0.1072,1.0498,-0.0036,-0.0087,-0.0033
440,0.0458,0.1143,1.0387,-0.0024,-0.0035,-0.0059
441,0.0392,0.1094,1.0399,0.02,-0.0004,0.0047
442,0.0374,0.1158,1.0491,0.0242,0.0032,-0.0067
443,0.0424,0.1219,1.0483,-0.004,-0.0067,0.0003
444,0.0378,0.1082,1.0374,0.0017,-0.0023,-0.0019
445,0.0407,0.1194,1.0392,0.0244,-0.0004,-0.0047
446,0.035,0.1146,1.0515,0.0157,0.0,0.0017
447,0.0399,0.1158,1.0458,-0.0067,-0.0081,-0.0056
448,0.0433,0.1108,1.0363,0.0015,-0.0044,-0.0008
449,0.0391,0.1111,1.0437,0.022,0.0019,0.0027
450,0.0403,0.1159,1.0511,0.0126,-0.0032,-0.0032
451,0.0411,0.1147,1.0452,-0.0076,-0.0051,-0.0001
452,0.0415,0.1098,1.0349,0.0063,-0.0049,-0.0021
453,0.0391,0.1173,1.0428,0.0265,0.0001,0.0001
454,0.0384,0.1163,1.0492,0.0087,0.0007,-0.0031
455,0.0405,0.1154,1.0401,-0.0041,-0.0076,-0.0023
456,0.0408,0.1094,1.0383,0.0085,-0.0029,-0.0005
457,0.0399,0.1185,1.0463,0.0262,0.0015,-0.0007
458,0.0367,0.1141,1.0499,0.0039,-0.0041,-0.0012
459,0.0437,0.112,1.0411,-0.002,-0.0051,-0.0041
460,0.0989,0.1021,1.0354,0.0047,-0.0068,-0.0341
461,0.2351,0.1371,1.0354,-0.006,0.008,-0.0792
462,0.2509,0.1613,1.034,-0.0146,0.0053,0.0092
463,0.1686,0.0997,1.0221,0.0173,0.0015,0.0718
464,0.226,0.1208,1.0406,0.0308,0.0081,-0.0806
465,0.2568,0.1856,1.046,-0.0292,0.0092,0.0256
466,0.1195,0.1046,1.0178,-0.0019,-0.0238,0.0808
467,0.0567,0.1283,1.0372,0.0385,0.0334,0.0457
468,0.0563,0.104,1.0643,0.029,-0.0092,0.043
469,0.0583,0.1398,1.0526,-0.0593,-0.0024,-0.0197
470,0.0492,0.1109,1.0191,-0.0153,-0.0176,0.0507
471,0.0279,0.1282,1.0436,0.0445,0.0248,0.028
472,0.0206,0.1308,1.0563,0.0035,-0.0112,0.0049
473,0.0486,0.1409,1.0433,-0.0431,-0.002,0.0036
474,0.0387,0.1074,1.0237,-0.0016,-0.0119,0.0389
475,0.0072,0.1461,1.0372,0.043,0.0519,0.016
476,0.0238,0.1345,1.0593,0.0031,-0.0246,-0.0011
477,0.0505,0.1306,1.0427,-0.0433,0.0189,0.0222
478,0.0308,0.0978,1.0187,0.0136,-0.0091,0.043
479,0.0066,0.1367,1.0585,0.0321,0.0286,0.0035
480,0.044,0.1443,1.0463,-0.0037,-0.0089,0.0112
481,0.0285,0.1128,1.0408,-0.035,-0.0064,0.0205
482,0.0392,0.1032,1.0295,0.0184,0.0126,0.0036
483,0.0365,0.1333,1.0556,0.0312,0.0012,0.0353
484,0.0333,0.1265,1.0485,-0.0048,0.0008,0.0225
485,0.0309,0.1174,1.0367,-0.0268,-0.0039,-0.0016
486,0.0566,0.1136,1.0297,0.0224,0.0045,0.0173
487,0.022,0.1154,1.0522,0.028,0.0015,0.0414
488,0.03,0.1338,1.0529,-0.0141,0.0053,0.0
489,0.0339,0.1316,1.0322,-0.0145,-0.0124,-0.002
490,0.0316,0.1174,1.0321,0.0202,0.0089,0.0268
491,0.0294,0.101,1.0518,0.0242,0.0146,0.0193
492,0.0323,0.1445,1.0526,-0.0173,-0.0156,-0.0099
493,0.0316,0.1179,1.0339,-0.0186,0.0,0.0224
494,0.027,0.1133,1.0405,0.0234,0.0145,-0.0008
495,0.0386,0.1119,1.0544,0.0165,-0.0089,-0.0072
496,0.0259,0.1297,1.0498,-0.0144,-0.0017,0.0173
497,0.0356,0.1213,1.029,-0.0126,-0.0035,0.0104
498,0.0164,0.1323,1.0433,0.0258,0.0052,-0.0037
499,0.0353,0.1183,1.0493,0.0132,-0.0055,0.0097
500,0.0203,0.1168,1.0488,-0.0158,-0.0091,0.0063
501,0.0302,0.1291,1.0356,-0.0087,0.0047,-0.0165
502,0.019,0.1391,1.0382,0.0277,-0.0017,0.0334
503,0.0196,0.108,1.0507,0.0064,0.0146,0.0192
504,0.0258,0.0978,1.052,-0.0134,-0.0089,-0.0021
505,0.0373,0.1215,1.0316,-0.0029,-0.0041,0.0051
506,0.0095,0.1236,1.0376,0.0209,-0.0019,0.0365
507,0.0128,0.1116,1.0549,0.0145,0.0095,-0.0105
508,0.0419,0.1105,1.0406,-0.0192,-0.0157,0.0051
509,0.0255,0.1019,1.0368,0.006,-0.0008,0.0272
510,0.0157,0.1154,1.0454,0.0181,0.0137,0.0146
511,0.0376,0.1388,1.051,0.0064,-0.0061,-0.0011
512,0.0228,0.101,1.0388,-0.0099,-0.0085,0.0381
513,0.0175,0.0964,1.0422,0.016,0.0096,0.0005
514,0.0232,0.1212,1.0493,0.0164,-0.0104,-0.0045
515,0.0335,0.1373,1.0504,0.0,0.008,0.0039
516,0.0157,0.0928,1.0378,0.0043,-0.0278,0.0019
517,0.0373,0.1233,1.0471,0.0189,0.0194,-0.0344
518,0.0367,0.1122,1.0515,0.0132,-0.0225,0.0336
519,0.0034,0.118,1.0486,0.0085,-0.0176,-0.0181
520,0.0416,0.1354,1.042,-0.0023,0.0037,-0.0422
521,0.0445,0.1298,1.0236,0.0286,-0.0108,0.0434
522,-0.0111,0.0825,1.0589,0.0213,-0.0325,-0.0138
523,0.0297,0.1462,1.0451,-0.016,0.0229,-0.065
524,0.0447,0.1409,1.0298,0.0027,-0.0301,0.0329
525,-0.01,0.0959,1.0468,0.0253,0.0045,0.0194
526,0.0302,0.1059,1.0447,0.0208,-0.0101,-0.0577
527,0.0497,0.1281,1.0575,-0.0237,-0.0027,0.0193
528,0.0117,0.0929,1.0275,0.0037,-0.0272,0.037
529,0.0014,0.0904,1.0532,0.0296,0.0129,-0.051
530,0.0701,0.1397,1.0485,0.0072,0.0048,-0.0097
531,0.0035,0.0728,1.0535,-0.0138,-0.0379,0.0605
532,0.0111,0.1132,1.0246,0.0096,0.0172,-0.0595
533,0.0384,0.1472,1.0494,0.0322,-0.0075,0.0021
534,0.0172,0.1086,1.0483,0.006,-0.0061,0.0365
535,0.0021,0.0914,1.0397,-0.0075,-0.0157,-0.0216
536,0.0515,0.1194,1.0361,0.0121,0.0097,-0.0304
537,0.0114,0.1072,1.0522,0.023,-0.0196,0.0694
538,0.0038,0.095,1.0497,0.0057,0.0049,-0.0318
539,0.0482,0.1288,1.0391,-0.0107,-0.0165,-0.0276
540,0.035,0.0836,1.05,0.0136,0.0027,0.0684
541,0.005,0.0952,1.0388,0.0286,-0.018,0.0069
542,0.0339,0.1409,1.0594,-0.0003,0.0067,-0.0413
543,0.0481,0.1088,1.0392,-0.0092,-0.0188,0.0421
544,0.0021,0.0918,1.0399,0.031,-0.0007,0.0189
545,0.0217,0.1415,1.0396,0.0261,-0.0001,-0.0463
546,0.0286,0.16,1.0496,-0.0071,-0.0017,0.0288
547,0.0086,0.0891,1.0247,0.0021,-0.0257,0.0154
548,0.0112,0.1291,1.0417,0.0342,0.0105,-0.0441
549,0.0499,0.1247,1.0551,0.0121,-0.0007,0.0222
550,-0.0142,0.1006,1.0466,-0.0067,-0.028,0.0253
551,0.0327,0.1102,1.0312,-0.0001,0.013,-0.0676
552,0.0332,0.122,1.0513,0.0244,-0.0144,0.0352
553,0.0281,0.0709,1.0482,0.0108,-0.0013,0.0188
554,0.0167,0.0965,1.0505,-0.0057,-0.0282,-0.0316
555,0.0536,0.1286,1.0357,0.002,0.019,-0.0113
556,0.0103,0.0818,1.0524,0.0326,-0.0316,0.0521
557,0.0211,0.0905,1.045,0.0049,0.0284,-0.0402
558,0.042,0.0977,1.0604,-0.0027,-0.0559,0.0084
559,0.0126,0.0959,1.0451,-0.0011,0.0463,0.0421
560,0.0063,0.0801,1.057,0.0169,0.0089,0.0059
561,0.0331,0.0972,1.0485,-0.0005,-0.0075,-0.0242
562,0.0352,0.09,1.0518,-0.0017,-0.0023,0.0266
563,0.0175,0.0771,1.0406,0.0212,-0.0045,0.0073
564,0.0246,0.1171,1.0502,0.0146,0.0067,-0.0254
565,0.055,0.0749,1.0569,-0.0081,-0.0085,0.028
566,0.0144,0.1,1.0267,0.0055,0.0202,0.0156
567,0.0382,0.0814,1.046,0.0137,0.0003,-0.0033
568,0.0322,0.1306,1.0378,0.0192,-0.008,0.0254
569,0.0169,0.088,1.0454,0.0025,0.0023,0.0137
570,0.0096,0.124,1.0452,0.0025,0.016,-0.0248
571,0.0606,0.079,1.0431,0.0117,0.004,0.0296
572,0.0294,0.1129,1.0355,0.021,-0.0141,0.021
573,0.0092,0.1085,1.0483,-0.0019,0.0284,-0.0097
574,0.0488,0.116,1.0402,-0.0043,-0.0116,0.0072
575,-0.0045,0.0875,1.046,0.0293,0.0045,0.0317
576,0.0135,0.1222,1.0471,0.0221,0.0096,-0.0539
577,0.0458,0.1449,1.0505,0.0011,-0.0004,0.0084
578,0.0177,0.1055,1.0292,0.0067,-0.0113,0.0322
579,-0.0117,0.1248,1.037,0.0293,-0.0039,-0.0349
580,0.0549,0.1293,1.0483,0.0158,-0.0031,-0.0157
581,-0.0104,0.1201,1.0515,0.0043,-0.0125,0.059
582,0.0145,0.0975,1.0266,0.0053,0.0104,-0.0256
583,0.0303,0.1246,1.0501,0.0204,-0.0144,-0.0209
584,0.0375,0.0917,1.0527,0.0044,0.0048,0.0391
585,-0.0092,0.0933,1.0403,0.0035,-0.0162,-0.0004
586,0.0377,0.1079,1.0452,0.0072,0.0063,-0.0301
587,0.0261,0.0923,1.0518,0.0166,-0.0016,0.0535
588,0.0208,0.0772,1.0358,0.0097,0.0096,-0.0029
589,0.0281,0.1021,1.0444,0.0029,-0.0113,-0.0411
590,0.0526,0.0945,1.0421,0.0071,0.0088,0.0288
591,-0.0049,0.1039,1.0353,0.0328,-0.0152,0.0213
592,0.0154,0.079,1.0544,0.0031,0.0085,-0.0409
593,0.0498,0.1284,1.0364,0.0037,-0.0035,0.0059
594,0.0005,0.067,1.0407,0.0128,-0.0099,0.0361
595,-0.0044,0.1142,1.0472,0.0133,0.0194,-0.0435
596,0.058,0.0883,1.0481,0.0064,-0.0089,0.018
597,-0.0068,0.0937,1.0474,0.0112,-0.0032,0.0332
598,0.0244,0.0511,1.0491,0.0096,-0.0041,-0.0333
599,0.0568,0.1095,1.048,0.0072,-0.0027,-0.0065
600,0.0161,0.0767,1.054,0.0174,-0.0085,0.0423
601,0.0027,0.1012,1.0381,0.0156,0.0037,-0.0252
602,0.0563,0.0911,1.0535,0.0105,-0.0021,-0.0174
603,-0.0022,0.119,1.044,0.012,-0.0017,0.0406
604,-0.002,0.0966,1.04,0.0198,0.0004,-0.0318
605,0.048,0.1306,1.0512,0.0099,0.002,-0.0206
606,0.0006,0.1141,1.0468,0.0261,-0.0065,0.0426
607,0.0151,0.103,1.0222,0.02,-0.0039,-0.029
608,0.0372,0.1356,1.045,0.0193,-0.0162,-0.0481
609,0.0191,0.1114,1.0488,0.0181,0.0085,0.0413
610,-0.0113,0.1174,1.0334,0.0293,-0.0194,-0.0049
611,0.0358,0.0972,1.053,0.0043,0.0084,-0.0469
612,0.0354,0.1465,1.0408,0.0087,-0.0052,0.0264
613,-0.0013,0.0653,1.0491,0.0096,-0.0029,0.0041
614,0.0465,0.135,1.0354,-0.0031,0.0161,-0.0742
615,0.0305,0.0788,1.0867,0.014,-0.0638,0.0475
616,0.0018,0.1013,0.988,0.035,0.0541,0.0009
617,0.0103,0.0783,1.0844,0.0462,-0.1296,-0.1095
618,0.0856,0.1464,1.0167,0.0015,0.0696,-0.0397
619,0.0106,0.0723,1.0629,0.0162,-0.0481,0.0654
620,0.0051,0.0731,1.0433,-0.0181,0.0659,-0.0194
621,0.0845,0.0905,1.046,0.008,-0.0636,-0.0009
622,0.004,0.0764,1.0549,-0.0023,0.0549,0.0786
623,0.0143,0.0442,1.0376,0.0229,-0.0387,-0.0294
624,0.0616,0.1035,1.0612,-0.0047,0.0268,-0.0145
625,0.0278,0.0629,1.0386,0.0092,-0.0173,0.0483
626,-0.0054,0.051,1.0543,0.0104,0.0065,-0.0298
627,0.0788,0.0986,1.0468,0.0084,0.0112,-0.0497
628,0.0107,0.085,1.0554,0.0009,-0.0089,0.0779
629,0.0103,0.0436,1.0327,0.0166,0.0017,-0.0305
630,0.0543,0.0976,1.0558,0.0126,0.0013,-0.0395
631,0.0342,0.1037,1.048,0.0036,0.0173,0.0382
632,-0.0044,0.0615,1.0408,-0.0009,-0.0056,-0.0001
633,0.0529,0.1103,1.0562,0.0112,0.0103,-0.0691
634,0.0354,0.1055,1.0419,0.0132,-0.0035,0.0683
635,-0.027,0.1006,1.038,0.0186,0.0029,-0.02
636,0.0377,0.0952,1.058,0.0009,0.006,-0.0632
637,0.0248,0.1752,1.0322,0.0081,0.0063,0.0201
638,-0.0106,0.0732,1.0313,0.0248,-0.0208,0.0403
639,-0.0056,0.1433,1.0496,0.0205,0.0229,-0.0663
640,0.041,0.1176,1.0474,-0.0024,-0.0192,0.0172
641,-0.0287,0.1277,1.0305,0.0039,0.0145,0.0158
642,0.0338,0.06,1.0482,0.0221,-0.0238,-0.0435
643,0.0294,0.1638,1.0535,0.0129,0.0264,0.0209
644,-0.0054,0.0719,1.0374,0.0044,-0.0329,0.0426
645,0.0157,0.0928,1.0516,-0.0015,0.0184,-0.0539
646,0.0791,0.1057,1.0408,0.0228,-0.0126,0.0064
647,-0.0043,0.0959,1.051,0.01,0.0003,0.0755
648,0.0195,0.0499,1.042,0.0121,-0.0148,-0.0486
649,0.0593,0.1196,1.0552,0.0017,-0.0003,-0.0144
650,0.0291,0.0683,1.0377,0.0181,-0.0088,0.0563
651,-0.0115,0.0605,1.0672,0.0128,0.0168,-0.0059
652,0.0887,0.0908,1.0358,0.0029,-0.0101,-0.0373
653,0.0203,0.0766,1.0595,0.0035,-0.02,0.0856
654,0.0264,0.0251,1.0321,0.0258,-0.0128,-0.0382
655,0.056,0.0936,1.0718,0.0132,0.0091,-0.0374
656,0.0631,0.075,1.0419,0.0019,-0.0125,0.0567
657,-0.0027,0.039,1.0495,0.0045,-0.02,0.0221
658,0.0692,0.0693,1.0447,0.0338,0.012,-0.082
659,0.0458,0.1068,1.0595,0.0188,-0.0272,0.0531
660,0.0112,0.0566,1.0446,0.0093,-0.0092,0.0045
661,0.0369,0.0856,1.0457,0.0158,-0.0103,-0.0494
662,0.0539,0.1269,1.0422,0.0362,-0.0073,0.017
663,-0.0196,0.0709,1.051,0.0277,-0.0373,0.032
664,0.0336,0.1111,1.0453,-0.0004,0.0162,-0.1012
665,0.0603,0.1257,1.0406,0.0079,-0.026,0.0217
666,-0.0095,0.0959,1.041,0.0201,0.0348,0.0344
667,0.015,0.0832,1.0533,0.0103,-0.0169,-0.0591
668,0.0421,0.157,1.0464,-0.0119,0.0322,-0.0294
669,0.0151,0.0743,1.0334,0.0113,-0.0281,0.0571
670,-0.0045,0.0967,1.0522,0.0265,0.0249,-0.055
671,0.0615,0.1267,1.049,0.0101,-0.0028,-0.0059
672,-0.0025,0.0943,1.0463,-0.0109,0.0005,0.0577
673,0.0156,0.0701,1.0336,0.0119,-0.0031,-0.0583
674,0.0557,0.1525,1.0475,0.0308,0.0111,-0.0174
675,0.0153,0.0817,1.0533,0.008,-0.0158,0.074
676,0.0062,0.0765,1.041,-0.0101,0.0037,-0.0272
677,0.0613,0.1245,1.0345,0.0158,0.0005,-0.0507
678,0.0303,0.1098,1.0478,0.0186,0.0072,0.0802
679,0.0101,0.0531,1.048,0.012,-0.015,-0.0152
680,0.0643,0.1084,1.0533,-0.0116,0.0136,-0.0451
681,0.0521,0.0995,1.0324,0.0124,0.0005,0.0655
682,0.0025,0.0472,1.0538,0.0262,0.0055,0.0037
683,0.0566,0.1176,1.0527,0.0005,0.0103,-0.0819
684,0.0587,0.0939,1.0424,-0.021,-0.0015,0.0663
685,0.0175,0.051,1.0336,0.0238,-0.0035,0.0079
686,0.024,0.0986,1.0574,0.0236,0.0095,-0.0482
687,0.0695,0.1287,1.0472,-0.0105,0.0032,0.0057
688,0.0121,0.0497,1.042,-0.0084,-0.0242,0.0455
689,0.0287,0.0887,1.0366,0.03,0.0222,-0.0751
690,0.09,0.1151,1.0621,0.0172,0.0025,0.002
691,0.0971,0.0744,1.0471,-0.027,-0.0053,-0.0035
692,0.1446,0.0778,1.0317,-0.0125,0.0025,-0.0634
693,0.1562,0.1198,1.039,0.0361,-0.0052,-0.0321
694,0.1396,0.1144,1.0405,0.0245,0.0112,0.0465
695,0.1718,0.0938,1.045,-0.0146,-0.017,-0.0457
696,0.1603,0.115,1.0345,-0.0132,0.0031,0.0162
697,0.1292,0.0782,1.0348,0.0398,-0.004,0.0188
698,0.1854,0.1488,1.0488,0.0233,0.0132,-0.0684
699,0.1334,0.1409,1.0295,-0.019,-0.028,0.0639
700,0.0381,0.0827,1.0345,0.0266,-0.0087,0.0278
701,0.0742,0.1312,1.0419,0.0338,0.0117,-0.0457
702,0.0467,0.1212,1.0591,0.0048,-0.0192,0.0433
703,0.019,0.0906,1.0341,-0.0097,-0.0069,0.0012
704,0.0548,0.1191,1.0375,0.0115,0.0024,-0.0302
705,0.0347,0.1089,1.047,0.0349,-0.0011,0.0346
706,0.0171,0.1036,1.0502,0.0012,-0.0064,-0.0107
707,0.051,0.1175,1.0405,-0.0096,0.0032,-0.0192
708,0.0314,0.1006,1.0383,0.0128,-0.0061,0.0208
709,0.0237,0.1082,1.0472,0.0314,0.0047,-0.0125
710,0.0455,0.1196,1.048,0.0023,-0.0092,-0.004
711,0.0255,0.0976,1.0443,-0.0134,-0.0091,0.0068
712,0.0392,0.106,1.0331,0.0228,-0.0003,-0.0107
713,0.0321,0.113,1.0522,0.0262,-0.0023,0.0069
714,0.027,0.1039,1.0527,-0.0055,0.0075,-0.0087
715,0.0448,0.1093,1.0358,-0.0132,-0.0088,-0.0071
716,0.0284,0.1036,1.0404,0.0256,-0.0013,0.0067
717,0.0314,0.1121,1.0471,0.0296,-0.0015,-0.0051
718,0.0344,0.1141,1.0533,-0.0032,-0.0076,-0.0071
719,0.033,0.1049,1.036,-0.01,0.0024,0.0004
720,0.035,0.1007,1.0374,0.0237,-0.0017,-0.0032
721,0.0322,0.1129,1.0543,0.0214,0.008,-0.0009
722,0.031,0.1042,1.0452,-0.0085,-0.0136,-0.0012
723,0.034,0.1025,1.038,0.0035,-0.0121,-0.0052
724,0.0371,0.1039,1.0382,0.025,0.0111,0.0031
725,0.0258,0.1145,1.0545,0.0188,-0.019,-0.0059
726,0.0331,0.1129,1.0457,-0.0117,0.0036,-0.0015
727,0.0381,0.1035,1.0322,0.0067,-0.0137,0.0048
728,0.0258,0.1046,1.0508,0.024,0.0072,-0.0012
729,0.0391,0.1147,1.0462,0.0093,-0.0025,-0.0047
730,0.0305,0.1046,1.0506,-0.0011,-0.0123,0.0001
731,0.037,0.1061,1.0311,0.0095,-0.0009,-0.0027
732,0.0295,0.1098,1.0499,0.0277,-0.0052,0.0007
733,0.0325,0.1073,1.0519,0.0049,-0.0013,-0.0051
734,0.035,0.1093,1.0421,-0.0043,-0.0071,-0.0023
735,0.0312,0.1083,1.038,0.0129,0.0068,-0.0037
736,0.0314,0.1093,1.048,0.023,-0.0024,-0.0013
737,0.0335,0.106,1.0449,0.0028,-0.0029,-0.0023
738,0.0329,0.1071,1.0414,-0.0028,-0.0087,-0.002
739,0.0381,0.1035,1.0352,0.0181,-0.0037,-0.0023
740,0.0289,0.1117,1.0539,0.0202,-0.0047,0.0007
741,0.0358,0.114,1.0461,-0.0064,0.0,-0.0023
742,0.057,0.0964,1.0406,-0.0039,-0.0096,-0.014
743,0.1774,0.1222,1.0312,0.0007,0.0166,-0.0796
744,0.2339,0.1345,1.0432,0.0009,-0.0208,-0.0364
745,0.2159,0.1037,1.0294,0.0134,0.0188,0.0491
746,0.1969,0.0813,1.0475,0.0266,-0.0241,-0.0258
747,0.2289,0.1345,1.045,-0.0193,0.0204,-0.0162
748,0.1678,0.0728,1.0294,0.0123,-0.0361,0.0558
749,0.0723,0.1076,1.0349,0.0262,0.0186,0.0192
750,0.037,0.0724,1.0578,0.0386,-0.0236,0.0688
751,0.0767,0.0876,1.0558,-0.0121,-0.0016,-0.0736
752,0.0396,0.1187,1.0287,-0.0294,-0.0186,0.0369
753,0.0301,0.0854,1.0318,0.0573,0.0152,0.0017
754,0.0447,0.0751,1.0734,0.0141,-0.018,-0.0209
755,0.0408,0.1133,1.0499,-0.0193,0.0036,-0.0221
756,0.0244,0.0867,1.0275,0.0036,-0.0129,0.0276
757,0.0331,0.0873,1.044,0.0276,0.0144,-0.0521
758,0.0311,0.1089,1.0707,0.0289,-0.0125,0.0019
759,0.0353,0.1253,1.0316,-0.0254,0.0001,-0.0036
760,0.015,0.0709,1.0341,0.0067,-0.0186,0.0053
761,0.0309,0.1055,1.0485,0.0439,0.0233,-0.0655
762,0.0404,0.1488,1.0526,-0.0055,-0.022,0.0136
763,-0.0011,0.0917,1.0315,-0.0076,-0.0121,0.0225
764,0.0431,0.0704,1.0166,0.0186,0.0148,-0.0644
765,0.0219,0.1442,1.0811,0.03,-0.0626,0.0009
766,0.0018,0.0782,1.0294,-0.0067,0.0644,0.0383
767,0.0095,0.0982,1.0591,0.0029,-0.0495,-0.0676
768,0.0405,0.1418,1.0355,-0.0003,0.0402,0.0091
769,-0.0051,0.1015,1.022,0.0317,-0.0559,0.0591
770,0.0051,0.0676,1.072,0.0176,-0.0025,-0.0684
771,0.0621,0.1626,1.0264,0.0023,-0.0241,0.0084
772,0.0,0.0695,1.0439,0.0157,-0.0119,0.0619
773,0.0056,0.0826,1.0473,0.0088,0.0246,-0.0495
774,0.0768,0.1323,1.0493,-0.0003,-0.002,-0.0265
775,-0.0057,0.0985,1.042,-0.0057,-0.008,0.0948
776,0.0245,0.051,1.0343,0.023,-0.0061,-0.0503
777,0.0657,0.116,1.0659,0.01,0.0029,-0.0134
778,-0.0851,0.0197,1.1376,0.0378,-0.1297,0.067
779,-0.0307,0.0571,1.1212,-0.1256,0.5387,-0.0176
780,0.1081,0.1082,0.9745,0.0341,-0.3329,-0.0246
781,0.0117,0.0637,1.0671,-0.0429,0.2245,0.0288
782,0.0464,0.0485,1.0223,0.0885,-0.1671,-0.0128
783,0.0676,0.0791,1.0623,-0.0254,0.1306,-0.0486
784,0.0283,0.0966,1.0537,-0.0205,-0.1222,0.034
785,0.0185,0.0015,1.0257,0.0044,0.0783,-0.0121
786,0.0521,0.119,1.0623,0.0618,-0.0238,-0.0642
787,0.0342,0.0745,1.0698,-0.0201,0.0083,0.0454
788,-0.0031,0.0661,1.0294,-0.0212,-0.0113,-0.0125
789,0.0338,0.058,1.058,0.0309,0.0077,-0.0703
790,0.0518,0.1676,1.0315,0.0394,-0.0123,0.0037
791,-0.0215,0.0482,1.0811,-0.0226,0.0202,0.0333
792,0.0133,0.1172,1.0156,0.0033,-0.024,-0.0796
793,0.0516,0.126,1.0496,0.0292,0.0133,-0.0052
794,-0.0172,0.1039,1.0485,0.0161,0.0036,0.055
795,-0.0172,0.0922,1.0594,0.0099,-0.0242,-0.0904
796,0.0287,0.1794,1.0246,-0.0073,0.0044,-0.0137
797,0.0095,0.1038,1.0256,0.0322,-0.0024,0.0366
798,-0.0248,0.1017,1.067,0.0193,0.0019,-0.0205
799,0.0413,0.1643,1.0255,0.0056,-0.0403,-0.0635
800,0.0203,0.1278,1.0372,-0.0156,0.0286,0.0694
801,-0.0233,0.0685,1.0463,0.0383,-0.0075,-0.0083
802,0.0335,0.1606,1.038,0.0144,-0.002,-0.037
803,0.0189,0.1107,1.0544,-0.0132,-0.0071,0.0461
804,-0.0018,0.0511,1.0372,0.0029,-0.0067,0.0037
805,0.0589,0.1281,1.0469,0.0313,0.0111,-0.0551
806,0.024,0.1177,1.0532,-0.0009,-0.0051,0.0941
807,-0.0074,0.0591,1.0389,-0.0047,0.0064,-0.0037
808,0.0428,0.1022,1.0384,0.0153,-0.0052,-0.0474
809,0.0421,0.1172,1.0511,0.0072,0.0057,0.0333
810,0.0007,0.0224,1.0486,0.0003,-0.0105,0.0397
811,0.0315,0.0971,1.0541,0.0214,0.0033,-0.069
812,0.0566,0.0778,1.048,-0.0084,0.0015,0.0567
813,-0.0091,0.0596,1.0432,0.0144,-0.0277,-0.0009
814,0.0459,0.0676,1.0557,0.0093,0.0201,-0.047
815,0.0399,0.1309,1.0486,0.0148,-0.0172,0.032
816,0.003,0.0093,1.058,0.0027,-0.0105,0.0229
817,0.0182,0.1169,1.0374,0.0132,-0.0104,-0.092
818,0.0836,0.0886,1.0605,0.0115,-0.0097,0.0248
819,-0.0131,0.1012,1.0409,0.0145,0.0336,0.0663
820,0.0021,0.0617,1.0621,0.0123,-0.0129,-0.0525
821,0.0417,0.1667,1.0481,-0.004,0.0101,-0.0011
822,-0.0055,0.0604,1.0312,0.0229,-0.0337,0.0274
823,0.0121,0.1332,1.0464,0.0278,0.0029,-0.0831
824,0.0515,0.1647,1.0393,0.0063,0.0189,0.0065
825,-0.0186,0.1031,1.0358,-0.0056,-0.0123,0.0758
826,-0.0071,0.0948,1.0361,0.0285,0.0133,-0.064
827,0.045,0.16,1.0542,0.0192,-0.0037,-0.0217
828,-0.0011,0.1122,1.0452,-0.0049,-0.0003,0.0529
829,-0.012,0.0942,1.0336,0.0061,-0.0149,-0.0368
830,0.0382,0.1511,1.0455,0.0233,0.0189,-0.0566
831,0.0074,0.1155,1.0448,0.0075,-0.018,0.0619
832,-0.0062,0.0789,1.0443,0.0027,-0.0072,-0.0498
833,0.0541,0.1362,1.0383,0.0036,0.0113,-0.0425
834,0.0062,0.1159,1.0386,0.0226,-0.0093,0.0591
835,-0.0068,0.0675,1.0519,0.01,-0.0025,-0.0182
836,0.0325,0.1318,1.0411,0.0075,-0.0053,-0.0664
837,0.026,0.1013,1.0439,-0.0003,-0.0075,0.0222
838,-0.0026,0.0759,1.0369,0.0209,-0.0161,-0.012
839,0.0139,0.0741,1.071,0.0229,-0.0346,-0.0834
840,0.0309,0.1292,1.0272,0.0225,-0.0346,-0.0877
841,0.0348,0.084,1.0575,0.0003,0.0104,-0.0288
842,0.0066,0.111,1.0382,0.0121,-0.0109,-0.0029
843,0.0212,0.0852,1.0468,0.0068,0.0083,-0.0133
844,0.0181,0.1214,1.0319,0.0206,-0.0096,-0.0031
845,-0.0007,0.0699,1.059,0.0109,0.0071,-0.0244
846,0.0157,0.1353,1.0324,0.0041,0.0053,-0.0333
847,0.027,0.0776,1.0434,0.0036,-0.0136,-0.0206
848,0.0362,0.1329,1.0327,0.023,-0.0072,0.0198
849,0.0239,0.0917,1.0465,0.026,0.0338,0.0668
850,0.0059,0.0898,1.0549,0.013,-0.0088,0.0386
851,0.017,0.0781,1.0583,-0.0089,0.0084,0.0067
852,0.0286,0.116,1.0311,0.0136,-0.0029,0.0076
853,-0.0019,0.0916,1.0554,0.0321,0.0055,0.0087
854,0.0181,0.1044,1.0546,0.0023,0.0007,-0.0337
855,0.0237,0.1248,1.0433,-0.0032,-0.0164,-0.0161
856,0.0218,0.1323,1.0333,0.0141,0.0011,0.0533
857,-0.0329,0.1749,1.0369,0.0473,-0.0137,-0.0113
858,0.0111,0.2425,1.0559,-0.0009,0.0346,-0.073
859,0.0731,0.2429,0.958,0.006,-0.0664,0.0507
860,-0.0978,0.2234,1.0832,0.0238,0.0738,-0.0264
861,0.0872,0.2646,0.988,0.018,0.0027,-0.0526
862,-0.0243,0.2593,1.0809,-0.0025,-0.0262,0.0446
863,0.0257,0.2532,0.9805,-0.0007,0.0025,-0.0091
864,0.0256,0.2153,1.0543,0.0453,-0.0345,-0.012
865,0.0176,0.2209,1.0341,0.0113,0.0324,0.0145
866,0.0287,0.1823,1.0385,-0.0133,-0.0164,-0.0216
867,0.0323,0.1299,1.0382,0.0003,0.0115,0.028
868,0.0157,0.1228,1.0331,0.037,-0.0161,0.0103
869,0.0389,0.1307,1.0574,0.01,0.006,-0.0218
870,0.036,0.1046,1.0391,-0.0154,-0.0189,0.0166
871,0.0156,0.1036,1.0358,0.0051,0.012,-0.0128
872,0.0446,0.118,1.0416,0.0372,0.0009,-0.0088
873,0.019,0.1131,1.0605,0.0055,-0.0056,0.0119
874,0.0322,0.1025,1.0355,-0.0158,-0.0069,-0.0149
875,0.0386,0.1074,1.0376,0.0197,-0.0048,-0.0019
876,0.0248,0.1042,1.0482,0.0285,0.0085,0.0041
877,0.03,0.1146,1.0551,0.0039,-0.008,-0.0128
878,0.0338,0.1083,1.04,-0.0144,-0.0041,0.0031
879,0.0253,0.1015,1.0339,0.0208,-0.0021,-0.0032
880,0.0359,0.1158,1.0519,0.0305,0.0045,-0.0051
881,0.0279,0.1102,1.0502,-0.0089,-0.0115,0.0063
882,0.032,0.1046,1.0386,-0.004,-0.0057,-0.0111
883,0.037,0.1081,1.0363,0.02,0.0008,0.0031
884,0.0284,0.111,1.0532,0.0256,-0.0004,0.0
885,0.0295,0.1127,1.0486,-0.0075,-0.0073,-0.0035
886,0.0347,0.1015,1.0338,-0.0045,-0.0056,0.0003
887,0.031,0.1097,1.0405,0.0296,0.0,-0.0001
888,0.0293,0.1146,1.0554,0.0172,-0.0001,-0.0044
889,0.0302,0.1121,1.0469,-0.0083,-0.0069,-0.0007
890,0.0302,0.104,1.0347,-0.0009,-0.0047,-0.0011
891,0.0343,0.1108,1.0408,0.0297,0.0044,-0.0041
892,0.0302,0.1084,1.0571,0.0136,-0.0016,0.0059
893,0.0284,0.1096,1.0427,-0.0126,-0.006,-0.0064
894,0.0338,0.1071,1.0351,0.0064,-0.0044,-0.0001
895,0.0288,0.1071,1.0461,0.029,0.0031,0.0008
896,0.0306,0.1114,1.0535,0.0105,-0.0016,-0.0039
897,0.0317,0.1131,1.0428,-0.0104,-0.0079,-0.0017
898,0.0331,0.0996,1.0353,0.0129,-0.0017,-0.0019
899,0.0316,0.1099,1.0455,0.0289,0.0007,-0.0016
900,0.029,0.1113,1.0521,0.0037,-0.0049,0.0005
901,0.0311,0.1046,1.0391,-0.0083,-0.0068,-0.0053
902,0.0324,0.1048,1.0375,0.0141,-0.0011,0.0012
903,0.0294,0.1126,1.049,0.0273,0.0011,-0.0029
904,0.0303,0.1124,1.0511,-0.0008,-0.0056,-0.0035
905,0.0325,0.1073,1.0386,-0.0077,-0.0057,-0.0003
906,0.0304,0.1108,1.0364,0.019,-0.0005,-0.0015
907,0.0305,0.1127,1.0486,0.0221,0.0007,-0.002
908,0.0453,0.0977,1.0573,-0.0011,-0.0073,-0.0085
909,0.0928,0.1323,1.0936,0.0932,0.0229,-0.0348
910,0.1171,0.176,1.1899,0.128,0.0095,-0.0123
911,0.1193,0.1351,1.1918,-0.07,-0.0097,-0.0198
912,0.132,0.1102,1.1373,-0.0297,-0.008,-0.0126
913,0.1521,0.1807,1.1667,0.1096,0.0333,-0.006
914,0.106,0.1075,1.2095,0.0001,-0.0169,0.0955
915,0.0413,0.033,1.1199,-0.1803,-0.0646,0.0419
916,0.0516,0.1181,1.0195,-0.0154,-0.0071,-0.1115
917,-0.0087,0.1813,1.0723,0.239,0.0703,0.0433
918,-0.0057,0.1541,1.1409,-0.0302,-0.0531,-0.0087
919,-0.0231,0.0975,1.0364,-0.1951,-0.0256,-0.0487
920,0.046,0.1164,0.9863,0.1109,-0.0008,-0.0099
921,-0.0254,0.123,1.1169,0.1855,0.0505,0.0353
922,0.0518,0.1262,1.1423,-0.0834,-0.0558,-0.0443
923,-0.0371,0.1409,1.0055,-0.1903,-0.0248,-0.0354
924,0.0825,-0.0122,0.9949,0.139,0.0216,-0.0306
925,-0.0103,0.1755,1.1343,0.2309,0.0469,0.0189
926,-0.0256,0.1969,1.1236,-0.169,-0.0704,-0.0012
927,-0.0329,0.1176,0.9685,-0.1904,-0.0425,-0.0453
928,0.058,0.0789,0.9853,0.2198,0.0527,-0.0558
929,0.0035,0.1298,1.1841,0.2114,0.0487,0.0173
930,0.0591,0.0901,1.1368,-0.2154,-0.077,-0.0264
931,0.0437,0.0309,0.9493,-0.2321,-0.0225,-0.004
932,0.0328,0.079,0.9864,0.2696,0.0253,-0.0176
933,0.0145,0.1229,1.2115,0.1953,0.073,0.0208
934,-0.0091,0.1916,1.0933,-0.2344,-0.1144,-0.041
935,0.0109,0.0718,0.9356,-0.1924,-0.0213,-0.0808
936,0.0911,0.0433,0.9756,0.2748,0.0768,0.0169
937,0.0219,0.1174,1.2104,0.198,0.0174,0.0375
938,-0.0035,0.1512,1.1055,-0.3088,-0.0811,-0.006
939,0.0524,0.0329,0.924,-0.1941,-0.0505,-0.0531
940,0.03,0.0659,0.9865,0.3165,0.0699,-0.006
941,0.0403,0.1284,1.1959,0.2117,0.0157,-0.002
942,0.0274,0.0967,1.1359,-0.3016,-0.0698,-0.0345
943,0.077,0.0493,0.9012,-0.2225,-0.0438,0.0069
944,0.0037,0.0927,0.9716,0.3024,0.0863,0.0214
945,0.0148,0.1791,1.1841,0.23,0.0268,0.0394
946,-0.0622,0.2012,1.1282,-0.2991,-0.0862,-0.0537
947,0.0728,0.0137,0.8787,-0.2097,-0.081,-0.0305
948,0.0573,0.0452,0.9927,0.3269,0.0971,0.0088
949,0.005,0.189,1.171,0.2109,0.0076,0.0571
950,-0.011,0.1373,1.1541,-0.3196,-0.0302,-0.0037
951,0.1292,-0.041,0.863,-0.2499,-0.1237,0.0035
952,0.0338,0.0486,0.9966,0.3274,0.0949,-0.0012
953,0.0256,0.1877,1.1701,0.2728,0.0306,0.0308
954,0.0195,0.0948,1.1476,-0.3232,-0.1104,-0.0045
955,0.064,0.0359,0.8798,-0.2558,-0.0614,-0.0297
956,0.0749,0.0139,0.9534,0.3132,0.0533,0.0571
957,-0.041,0.1886,1.2031,0.261,0.0345,0.0289
958,0.0424,0.1453,1.0934,-0.2782,-0.1268,-0.0285
959,0.0624,0.0231,0.9027,-0.2587,-0.0794,-0.0153
960,0.0971,-0.0312,0.9514,0.2751,0.0722,0.0875
961,-0.056,0.2231,1.1832,0.3087,-0.0085,0.0119
962,0.0488,0.1401,1.1198,-0.2802,-0.1028,-0.0005
963,0.0492,0.0386,0.9002,-0.2877,-0.0959,0.0103
964,0.0511,0.0676,0.9127,0.2949,0.0537,0.0577
965,-0.011,0.1216,1.1945,0.2999,-0.0217,0.0076
966,0.0768,0.1134,1.1285,-0.2304,-0.1346,-0.0222
967,0.0491,0.1019,0.8976,-0.3013,-0.0575,0.0126
968,0.0242,0.0568,0.9283,0.2403,0.0121,0.0816
969,-0.0108,0.1595,1.1769,0.3005,0.0698,-0.013
970,0.0032,0.2203,1.1078,-0.1842,-0.1322,0.031
971,0.0349,0.0261,0.9664,-0.2856,-0.0688,-0.0467
972,0.0499,0.127,0.8701,0.2493,-0.032,0.0722
973,-0.04,0.1765,1.1899,0.2903,0.1012,-0.0089
974,0.0213,0.166,1.1148,-0.1622,-0.1547,0.0228
975,0.0036,0.0817,0.9768,-0.3301,-0.008,-0.0495
976,0.025,0.1323,0.881,0.2206,-0.0427,0.0581
977,0.0076,0.0863,1.1777,0.2462,0.1356,-0.0168
978,0.0356,0.2328,1.0571,-0.234,-0.0752,0.029
979,0.0657,0.0371,0.8962,-0.3214,-0.0943,-0.0477
980,0.137,0.1093,0.7914,0.119,0.0944,-0.0197
981,-0.0146,0.1835,1.0688,0.2864,0.114,0.0329
982,0.0239,0.1498,1.0653,-0.1791,-0.0132,-0.0185
983,0.1096,0.0582,0.8842,-0.2892,-0.075,-0.0296
984,0.1252,0.0406,0.8295,0.1262,0.0897,0.0391
985,0.0827,0.1301,1.0325,0.2465,0.0719,0.012
986,0.1052,0.1429,1.0399,-0.1318,-0.0091,0.0088
987,0.1142,0.0619,0.9017,-0.2092,-0.0651,-0.0221
988,0.1207,0.0755,0.8644,0.1041,0.0248,0.0218
989,0.0539,0.1396,1.0302,0.2739,0.0292,0.0411
990,0.0514,0.1592,1.078,-0.0328,0.0001,0.0186
991,0.0496,0.0696,1.0141,-0.1927,-0.1166,-0.0141
992,0.0931,0.0594,0.9418,0.0743,0.0393,0.0246
993,0.0279,0.1358,1.0751,0.2138,0.0088,0.0348
994,0.0153,0.1569,1.1205,-0.0553,0.0237,-0.0045
995,0.0558,0.0898,1.0043,-0.164,-0.0563,-0.0281
996,0.0566,0.0799,0.9805,0.0672,0.0401,-0.0069
997,0.0356,0.1283,1.0741,0.1899,0.0341,0.0162
998,0.0259,0.146,1.116,-0.0585,-0.0092,-0.0156
999,0.0498,0.0958,1.0093,-0.1632,-0.0298,-0.0063
1000,0.0517,0.083,0.9773,0.0901,0.0237,0.0076
1001,0.0291,0.1331,1.0857,0.1551,0.0325,0.0001
1002,0.029,0.1411,1.1014,-0.0714,-0.0236,-0.0029
1003,0.0427,0.0948,1.0012,-0.1272,-0.0438,-0.0107
1004,0.0547,0.0876,0.9909,0.0916,0.0238,0.0
1005,0.0295,0.1339,1.0881,0.1417,0.0153,0.0115
1006,0.0301,0.1359,1.0923,-0.0846,-0.0268,-0.0085
1007,0.0537,0.0889,0.9951,-0.1024,-0.036,-0.0081
1008,0.0441,0.0969,1.0036,0.1093,0.0225,0.0064
1009,0.0355,0.1359,1.0871,0.1092,0.0225,0.002
1010,0.0338,0.1278,1.0793,-0.0888,-0.0304,-0.0037
1011,0.0488,0.0902,0.9963,-0.0832,-0.0156,-0.0099
1012,0.0485,0.0959,1.0123,0.1124,0.0218,0.002
1013,0.0308,0.1312,1.0917,0.0923,0.0186,0.0051
1014,0.0338,0.1282,1.0678,-0.0972,-0.0322,-0.0113
1015,0.049,0.0878,0.9975,-0.0558,-0.014,-0.0045
1016,0.0466,0.1019,1.0198,0.1164,0.0186,0.0033
1017,0.0309,0.136,1.095,0.0647,0.0081,0.0019
1018,0.0403,0.1188,1.0593,-0.096,-0.029,-0.0047
1019,0.0476,0.0916,0.9968,-0.0385,-0.0125,-0.0076
1020,0.0447,0.1077,1.0325,0.1148,0.026,0.0067
1021,0.031,0.1319,1.0908,0.045,0.0041,0.0
1022,0.0402,0.1174,1.0506,-0.0953,-0.0265,-0.0091
1023,0.0512,0.0905,0.9981,-0.016,-0.0083,-0.0007
1024,0.0377,0.1076,1.0475,0.1083,0.0184,0.0028
1025,0.0376,0.1376,1.0806,0.0256,0.0051,0.0007
1026,0.0381,0.1088,1.0502,-0.0832,-0.0379,-0.0087
1027,0.0477,0.0942,1.0024,-0.0065,0.0152,-0.0032
1028,0.0427,0.1141,1.0425,0.1055,0.0023,0.0036
1029,0.028,0.1305,1.0886,0.0073,0.0125,-0.0025
1030,0.045,0.1125,1.0303,-0.0796,-0.0341,-0.0048
1031,0.0435,0.0909,1.0101,0.0154,-0.0017,-0.0017
1032,0.043,0.121,1.0311,0.0826,0.0173,0.0031
1033,0.0941,0.135,0.9904,-0.127,-0.0385,-0.0538
1034,0.1641,0.1029,0.8223,-0.2336,-0.0273,-0.0394
1035,0.1699,0.017,0.8069,0.0944,0.0088,0.0248
1036,0.1613,0.0872,0.9055,0.1792,0.0474,0.0087
1037,0.1157,0.2007,0.9019,-0.0975,-0.0234,-0.0176
1038,0.1276,0.0477,0.8285,-0.0784,-0.0252,0.0836
1039,0.0595,0.033,0.9727,0.2735,0.1177,0.039
1040,-0.0814,0.3208,1.0801,0.223,-0.0244,0.0306
1041,0.0031,0.0823,1.0919,-0.2369,-0.0302,0.0076
1042,0.027,0.1415,0.9041,-0.1293,-0.0597,-0.0382
1043,0.0335,0.0105,1.0054,0.2502,0.0892,0.0545
1044,-0.0181,0.1915,1.1685,0.177,-0.0081,-0.012
1045,-0.0118,0.101,1.0922,-0.2643,-0.0395,-0.0164
1046,0.0521,0.1174,0.9033,-0.1111,-0.043,-0.0623
1047,0.1138,-0.0565,1.0275,0.2527,0.0955,0.0755
1048,-0.0673,0.2767,1.1578,0.1728,-0.0089,-0.036
1049,0.0007,0.1028,1.0892,-0.2526,-0.0394,0.0001
1050,0.0679,0.0636,0.9047,-0.1557,-0.064,-0.0585
1051,0.0168,0.0831,0.9892,0.2787,0.1073,0.0642
1052,-0.019,0.1929,1.1864,0.2039,-0.0092,-0.0389
1053,0.0111,0.0872,1.1056,-0.3049,-0.0429,-0.0089
1054,0.0604,0.0691,0.8926,-0.1634,-0.0591,-0.068
1055,0.0566,0.0596,1.0004,0.3242,0.1048,0.0623
1056,0.0091,0.1877,1.1906,0.1695,-0.0057,-0.0253
1057,-0.0405,0.1832,1.0858,-0.2643,-0.0427,-0.0162
1058,0.0637,0.0538,0.9001,-0.1774,-0.0498,-0.0951
1059,0.0614,0.0505,0.9787,0.3012,0.1411,0.088
1060,-0.0189,0.2176,1.2018,0.2268,-0.0282,-0.0389
1061,-0.0179,0.1337,1.0958,-0.3346,-0.0503,0.0039
1062,0.0814,-0.0129,0.9069,-0.1925,-0.0836,-0.0855
1063,-0.0021,0.0947,0.9836,0.3513,0.137,0.0519
1064,0.0351,0.1511,1.2202,0.1921,0.0003,-0.0574
1065,0.01,0.1005,1.1035,-0.3254,-0.0446,0.0212
1066,0.0724,0.0639,0.9213,-0.2586,0.0446,-0.0453
1067,0.0363,0.0737,0.9457,0.2718,0.1839,0.1194
1068,-0.0585,0.1755,1.2427,0.2362,0.0953,-0.0039
1069,-0.0145,0.1747,1.0581,-0.3157,-0.0658,-0.0348
1070,0.17,0.0151,0.8853,-0.3276,0.2226,-0.035
1071,0.0352,0.0575,1.0028,0.1628,0.4375,0.2116
1072,-0.0538,0.1315,1.1799,0.066,0.3655,0.1088
1073,0.0091,0.0468,1.1408,-0.355,0.2053,0.0381
1074,0.0419,0.0516,0.9316,-0.3551,0.223,-0.0009
1075,-0.032,0.0737,0.9749,0.1409,0.36,0.1213
1076,-0.0395,0.0556,1.2291,0.183,0.2429,0.0623
1077,-0.0544,0.0659,1.1486,-0.2233,-0.1767,0.0337
1078,0.0309,0.0806,0.8778,-0.2281,0.0039,-0.0828
1079,0.0237,0.0531,0.9976,0.2029,0.2285,0.1064
1080,-0.0823,0.1179,1.1922,0.1692,0.0711,0.0413
1081,0.0081,0.0092,1.1143,-0.2004,-0.1527,0.0233
1082,0.0703,0.0033,0.9374,-0.2079,0.0426,-0.0775
1083,-0.0035,0.0582,0.9918,0.1634,0.1642,0.1399
1084,-0.0908,0.0993,1.1996,0.234,0.0024,0.0178
1085,0.0213,0.0258,1.1135,-0.1742,-0.284,0.0278
1086,0.0076,0.1098,0.8931,-0.1668,-0.0029,-0.1085
1087,-0.0167,0.094,1.0135,0.2445,0.1573,0.1076
1088,-0.0712,0.0456,1.2169,0.1732,-0.1224,0.0515
1089,0.004,0.0428,1.0808,-0.1181,-0.3648,0.0016
1090,0.0137,0.0887,0.9298,-0.0545,-0.2156,-0.1061
1091,-0.0125,0.1174,0.9921,0.2782,-0.0242,0.0557
1092,-0.0898,0.182,1.1693,0.2047,0.012,-0.0248
1093,-0.033,0.1296,1.1078,-0.1663,-0.2478,0.0133
1094,0.0719,0.0006,0.92,-0.1635,-0.0627,-0.0356
1095,-0.0568,0.1291,1.032,0.2772,0.1138,0.0494
1096,-0.0503,0.1359,1.1828,0.1932,-0.1458,0.013
1097,0.0051,0.1945,1.0254,-0.1847,-0.0497,0.0317
1098,0.0298,0.1315,0.9272,-0.2746,0.3411,-0.0048
1099,-0.0063,0.0356,1.0385,-0.0261,0.4996,0.1903
1100,-0.1008,0.0073,1.2403,0.0615,0.181,0.1072
1101,-0.2029,0.1209,1.1417,-0.0005,-0.5208,0.0088
1102,-0.0059,0.0262,1.008,0.2218,-0.6775,-0.2632
1103,0.1364,0.1387,1.0539,0.4965,-0.482,-0.2395
1104,0.2161,0.1908,1.1995,0.1309,-0.02,-0.0891
1105,0.0117,0.1804,1.162,-0.2583,-0.063,0.1158
1106,0.0446,0.0765,0.9526,-0.1405,-0.0144,0.068
1107,0.0798,0.0759,1.1033,0.2017,0.0647,-0.0409
1108,0.0805,0.2152,1.1881,0.1586,0.0352,0.0253
1109,-0.0147,0.1658,1.1705,-0.2186,-0.0818,0.0144
1110,0.1164,0.031,1.0157,-0.1264,-0.0065,-0.0599
1111,0.1127,0.128,1.0964,0.2397,0.0336,-0.0055
1112,0.0411,0.1591,1.1843,0.0703,0.0378,0.049
1113,0.0427,0.1047,1.1278,-0.1939,-0.078,-0.0403
1114,0.0895,0.0693,0.9731,-0.1297,-0.0087,0.012
1115,0.0212,0.0585,1.027,0.1908,0.0238,0.0297
1116,0.0261,0.1583,1.1402,0.1302,0.0308,-0.0264
1117,0.0258,0.1287,1.0779,-0.2142,-0.0663,0.0105
1118,0.0278,0.0502,0.9639,-0.0718,-0.0165,-0.0099
1119,0.0347,0.1075,1.0132,0.2019,0.035,-0.0041
1120,0.0051,0.1403,1.1345,0.0786,0.0194,0.0109
1121,0.0184,0.1224,1.0594,-0.1707,-0.0541,-0.0132
1122,0.0371,0.0663,0.9648,-0.072,-0.017,-0.0047
1123,0.0269,0.1038,1.0311,0.211,0.0433,0.0052
1124,0.0034,0.1506,1.1209,0.0523,0.0095,0.0073
1125,0.0206,0.111,1.0558,-0.1704,-0.0481,-0.0186
1126,0.0338,0.0824,0.9692,-0.0257,-0.0069,-0.0016
1127,0.0178,0.0972,1.0406,0.1759,0.0364,0.0093
1128,0.0074,0.1558,1.1183,0.0461,0.0003,-0.0073
1129,0.0237,0.1061,1.0472,-0.1722,-0.0407,-0.0037
1130,0.0325,0.0679,0.9738,-0.0008,-0.0065,-0.0089
1131,0.0263,0.1127,1.0472,0.1716,0.0394,0.008
1132,0.0091,0.1363,1.1113,0.0123,-0.0052,0.004
1133,0.0211,0.1077,1.0398,-0.1449,-0.039,-0.013
1134,0.0295,0.0799,0.9814,0.0073,-0.0025,-0.0031
1135,0.0184,0.1174,1.0585,0.1695,0.0336,-0.0007
1136,0.0129,0.1419,1.1053,-0.0119,-0.0067,0.0017
1137,0.0236,0.0968,1.0302,-0.1354,-0.0379,-0.0077
1138,0.0327,0.0811,0.9879,0.036,0.0048,-0.0008
1139,0.017,0.1102,1.0688,0.1405,0.0306,0.0065
1140,0.0139,0.1438,1.0911,-0.0205,-0.0117,-0.0041
1141,0.021,0.0983,1.0245,-0.1269,-0.0349,-0.0049
1142,0.0331,0.0772,0.9955,0.0562,0.0108,-0.0045
1143,0.0173,0.1289,1.0698,0.1321,0.0214,0.0076
1144,0.0113,0.1272,1.0952,-0.0401,-0.0123,-0.0056
1145,0.0315,0.095,1.015,-0.1019,-0.031,-0.0083
1146,0.0255,0.0865,1.0062,0.0614,0.0071,0.0016
1147,0.0218,0.1248,1.0704,0.1194,0.0204,0.002
1148,0.0086,0.1262,1.0919,-0.0569,-0.0246,-0.0001
1149,0.028,0.0901,1.0126,-0.0927,-0.0123,-0.0067
1150,0.03,0.1011,1.0067,0.0819,0.0016,-0.0001
1151,0.0109,0.1258,1.0787,0.0909,0.0306,0.0051
1152,0.0186,0.1244,1.0707,-0.0567,-0.0312,-0.0055
1153,0.0232,0.0956,1.0148,-0.0731,-0.0148,-0.0075
1154,0.0286,0.0946,1.0146,0.0912,0.0166,-0.0024
1155,0.0137,0.1317,1.0831,0.0782,0.0099,0.0028
1156,0.0082,0.1794,1.059,-0.072,-0.0169,-0.0073
1157,0.024,0.2515,0.9966,-0.0473,-0.0234,-0.0346
1158,0.0424,0.2925,1.0085,0.0804,0.0308,0.0084
1159,-0.0067,0.2535,1.0681,0.0623,-0.0076,0.0334
1160,0.0042,0.2657,1.0536,-0.0852,-0.0157,-0.0463
1161,0.0569,0.2888,0.9946,-0.0407,-0.0185,-0.014
1162,0.0032,0.1627,1.0407,0.0995,0.0136,0.0783
1163,-0.0504,0.1442,1.0732,0.0378,-0.0059,-0.0111
1164,0.032,0.1743,1.0477,-0.0925,-0.0173,-0.0731
1165,0.0248,0.102,1.0057,-0.0169,-0.015,0.0888
1166,-0.0369,0.0827,1.0341,0.0933,0.0189,-0.0039
1167,0.0178,0.1694,1.0749,0.0297,-0.0007,-0.0794
1168,0.0155,0.1308,1.0454,-0.0908,-0.0206,0.066
1169,-0.035,0.059,1.0015,0.0088,-0.0204,0.0126
1170,0.0057,0.1299,1.0486,0.0834,0.0284,-0.0844
1171,0.0388,0.1353,1.0815,-0.0019,-0.0107,0.0394
1172,-0.0156,0.0618,1.0441,-0.0786,-0.0346,0.0406
1173,0.0123,0.062,1.0198,0.0072,0.0045,-0.0557
1174,0.0525,0.1121,1.0652,0.0752,0.0091,0.0164
1175,-0.0099,0.0686,1.0837,-0.0133,-0.0182,0.0505
1176,0.0176,0.0589,1.0353,-0.0656,-0.0184,-0.0754
1177,0.0501,0.1114,1.0236,0.0222,0.0039,0.0188
1178,-0.0124,0.0638,1.0546,0.0731,0.0108,0.0571
1179,-0.0096,0.0961,1.0698,-0.0178,-0.0224,-0.0698
1180,0.0475,0.1109,1.028,-0.0635,-0.0025,-0.023
1181,0.0093,0.0684,1.0253,0.0368,-0.0049,0.0632
1182,-0.0135,0.0505,1.0696,0.0663,0.0141,-0.0194
1183,0.0349,0.1447,1.0695,-0.0306,-0.0115,-0.0409
1184,0.0121,0.0526,1.0357,-0.0561,-0.0146,0.0566
1185,-0.0075,0.0563,1.0194,0.0543,-0.0032,-0.0321
1186,0.066,0.1028,1.079,0.0471,0.0277,-0.017
1187,0.0064,0.0867,1.0647,-0.0387,-0.0364,0.0707
1188,-0.0008,0.0269,1.0355,-0.0349,-0.0004,-0.0434
1189,0.05,0.1207,1.0365,0.0571,-0.0268,-0.0623
1190,0.0266,0.1048,1.0663,0.0551,0.0209,0.068
1191,-0.0253,0.0802,1.0514,-0.0274,-0.0342,0.0023
1192,0.0043,0.121,1.0399,-0.0306,0.004,-0.0684
1193,0.0297,0.1143,1.0222,0.0714,-0.0302,0.0453
1194,-0.041,0.0989,1.064,0.0575,0.0209,-0.0326
1195,0.0274,0.1352,1.0634,-0.0573,0.0293,-0.0905
1196,0.0154,0.1481,1.0358,-0.0378,-0.0447,0.043
1197,-0.0224,0.0591,1.0145,0.0792,-0.0505,0.0324
1198,0.0044,0.1677,1.0681,0.0883,-0.0069,-0.0876
1199,0.0854,0.1401,1.048,-0.057,0.0178,0.0751
1200,-0.0743,0.1055,1.0415,-0.0595,-0.0029,0.0642
1201,0.0054,0.086,1.0101,0.0394,0.0252,-0.0782
1202,0.0176,0.2006,1.0649,0.0706,-0.0027,-0.0011
1203,-0.0035,0.0771,1.064,-0.0314,-0.0087,0.0518
1204,-0.0178,0.1375,1.0178,-0.0378,-0.0234,-0.0595
1205,0.0535,0.1126,1.0306,0.0366,0.0324,0.0154
1206,-0.0264,0.1099,1.0577,0.0581,-0.019,0.064
1207,-0.0103,0.0841,1.0593,-0.0365,-0.0065,-0.0779
1208,0.063,0.1364,1.0198,-0.0381,-0.0103,-0.0056
1209,0.0098,0.048,1.0415,0.0525,0.0068,0.0751
1210,-0.0197,0.0879,1.0602,0.0405,0.0148,-0.0297
1211,0.0589,0.1077,1.0618,-0.041,-0.0092,-0.0542
1212,0.0148,0.0737,1.0327,-0.0308,-0.0047,0.083
1213,-0.0168,0.0526,1.0306,0.0634,0.0134,-0.0326
1214,0.0428,0.129,1.0703,0.0246,0.0084,-0.0318
1215,0.01,0.0713,1.0588,-0.0439,-0.0126,0.0466
1216,-0.0131,0.0574,1.0157,-0.0067,0.0005,-0.0181
1217,0.0415,0.0976,1.0486,0.0565,0.0124,-0.0714
1218,0.035,0.0945,1.064,0.0065,-0.0093,0.0731
1219,-0.0219,0.0651,1.0485,-0.0189,-0.0136,-0.0142
1220,0.0212,0.0891,1.0312,-0.0021,-0.0005,-0.0521
1221,0.0489,0.1225,1.0454,0.0522,-0.002,0.0008
1222,-0.0304,0.0735,1.0703,0.0099,-0.0009,0.0402
1223,0.0074,0.1304,1.0264,-0.0185,-0.0056,-0.0873
1224,0.0323,0.1029,1.0457,0.0097,-0.0162,0.036
1225,-0.0349,0.1182,1.0368,0.0547,0.0095,-0.0028
1226,-0.0024,0.1161,1.0576,0.0063,-0.0173,-0.0578
1227,0.0263,0.1578,1.0433,-0.028,-0.0011,0.0055
1228,-0.0195,0.0687,1.0295,0.0252,-0.024,0.0591
1229,-0.0351,0.1404,1.0428,0.0439,0.0126,-0.0718
1230,0.0615,0.1285,1.0568,-0.0029,-0.0218,0.0005
1231,-0.0239,0.1137,1.0398,-0.0238,-0.0088,0.0704
1232,-0.0096,0.0585,1.0312,0.0362,-0.0433,-0.0519
1233,0.0489,0.1417,1.0696,0.0346,0.03,-0.0115
1234,0.0151,0.0748,1.0477,0.0029,-0.0414,0.0748
1235,-0.0252,0.0978,1.0373,-0.0117,0.0037,-0.0377
1236,0.0824,0.0943,1.0389,0.0196,-0.0153,-0.0265
1237,0.0181,0.0956,1.0567,0.0389,-0.0064,0.0943
1238,-0.013,0.0672,1.0402,0.0136,-0.0349,-0.02
1239,0.0433,0.1081,1.0515,-0.0132,-0.0035,-0.0403
1240,0.0496,0.0704,1.0328,0.0318,-0.0293,0.0635
1241,-0.0199,0.0576,1.0568,0.0348,-0.0156,0.0126
1242,0.0717,0.0767,1.0554,-0.0039,-0.0165,-0.0566
1243,0.0479,0.0857,1.0278,0.0282,-0.0862,0.0675
1244,-0.0045,0.0601,1.0444,0.0362,0.0108,-0.0229
1245,0.0451,0.082,1.0702,0.0248,-0.0538,-0.0434
1246,0.0864,0.0779,1.0245,0.0029,-0.0153,0.0055
1247,-0.0188,0.0707,1.0674,-0.006,0.022,0.0352
1248,0.046,0.087,1.0265,0.0164,0.0085,-0.0716
1249,0.0458,0.0974,1.0653,0.012,-0.0064,0.027
1250,-0.0002,0.0978,1.0241,0.0241,-0.0039,0.0037
1251,0.0173,0.0916,1.0513,0.0085,-0.0133,-0.0458
1252,0.0566,0.1208,1.0447,0.0119,0.0213,0.0103
1253,-0.0132,0.0761,1.0403,0.0206,-0.0337,0.0218
1254,0.0161,0.1209,1.0476,0.0044,0.0213,-0.0814
1255,0.0631,0.0999,1.0501,0.0123,-0.0156,0.0375
1256,-0.0258,0.0963,1.043,0.0197,-0.0009,0.0273
1257,0.0248,0.0882,1.0464,0.008,-0.0077,-0.0667
1258,0.0579,0.1255,1.052,0.0024,0.0112,0.0068
1259,-0.0078,0.0694,1.0368,0.0176,-0.0192,0.0561
1260,0.0013,0.1129,1.0446,0.0156,0.0115,-0.0675
1261,0.0773,0.1246,1.0464,-0.0001,0.0001,0.0156
1262,-0.02,0.0831,1.041,0.0107,-0.0109,0.068
1263,0.0215,0.0697,1.0449,0.0177,0.0043,-0.0771
1264,0.0724,0.1213,1.0575,0.0016,0.0041,0.01
1265,0.0194,0.0666,1.0419,0.0105,-0.0157,0.0624
1266,-0.0032,0.0828,1.0469,0.0184,0.0089,-0.0214
1267,0.0779,0.1014,1.0439,0.0061,-0.0001,-0.0344
1268,0.0255,0.085,1.0573,0.0048,-0.0052,0.0764
1269,0.0065,0.0778,1.0264,0.0148,-0.002,-0.0326
1270,0.0823,0.1046,1.0594,0.0138,0.0051,-0.0196
1271,0.0938,0.0873,1.0436,0.0071,-0.0039,0.0186
1272,0.1143,0.0861,1.0381,-0.0011,-0.0049,-0.0325
1273,0.165,0.0898,1.0486,0.0234,-0.0449,-0.0549
1274,0.1586,0.1321,1.0212,0.0481,-0.0266,0.0234
1275,0.1431,0.0843,1.0631,0.0072,0.0027,0.0037
1276,0.1765,0.1196,1.0361,-0.0063,-0.0208,-0.0104
1277,0.1218,0.0884,1.0342,0.0089,0.004,0.0443
1278,0.177,0.1151,1.0328,0.0296,-0.0015,-0.0591
1279,0.1608,0.1305,1.0467,0.0027,-0.0301,0.031
1280,0.0509,0.0869,1.0441,0.01,0.0012,0.0611
1281,0.0616,0.1124,1.0377,0.0272,-0.0087,-0.0397
1282,0.0564,0.1251,1.0568,0.0069,0.0031,0.0184
1283,0.0211,0.0884,1.0436,0.0049,-0.0083,0.0258
1284,0.0408,0.1049,1.0459,-0.0043,0.0003,-0.0301
1285,0.0471,0.1124,1.0466,0.018,-0.0012,0.017
1286,0.0172,0.0921,1.0487,0.008,-0.008,0.0087
1287,0.0417,0.114,1.0463,0.0037,-0.0008,-0.0225
1288,0.0358,0.1134,1.041,0.0052,-0.0065,0.0144
1289,0.0206,0.103,1.0417,0.0144,0.0001,-0.0025
1290,0.0358,0.1185,1.0475,0.015,0.0001,-0.0126
1291,0.0298,0.113,1.0462,-0.0028,-0.0076,0.0069
1292,0.0305,0.1048,1.0367,0.0088,-0.0017,-0.0057
1293,0.0352,0.1113,1.0477,0.0161,-0.0005,-0.0007
1294,0.0245,0.1071,1.0485,0.0123,-0.0013,0.0005
1295,0.0366,0.1102,1.0416,-0.0005,-0.0048,-0.0099
1296,0.0344,0.1043,1.0399,0.0096,-0.0031,0.0039
1297,0.028,0.1109,1.0451,0.0226,0.0,-0.0043
1298,0.0342,0.1127,1.0465,0.0035,-0.0045,-0.0035
1299,0.0328,0.1134,1.0429,0.0016,-0.0056,-0.0003
1300,0.0286,0.1025,1.0432,0.0093,-0.0001,-0.0001
1301,0.0344,0.113,1.0433,0.0206,-0.0027,-0.0064
1302,0.0314,0.1046,1.0488,0.0053,-0.0071,0.0036
1303,0.0348,0.1075,1.0428,0.0012,-0.0023,-0.0077
1304,0.0365,0.1083,1.0413,0.0134,-0.0035,0.0007
1305,0.0274,0.1108,1.0472,0.0161,-0.0007,-0.002
1306,0.0347,0.1135,1.0456,0.0104,-0.0092,-0.006
1307,0.0315,0.1124,1.043,0.0041,-0.0057,-0.0007
1308,0.0306,0.1094,1.0413,0.0156,-0.0001,-0.0003
1309,0.0316,0.1116,1.0476,0.0112,-0.0028,-0.0031
1310,0.0282,0.1084,1.0521,0.0089,-0.0176,-0.0035
1311,0.0309,0.1056,1.0436,0.0,0.0186,-0.0019
1312,0.0359,0.1091,1.0337,0.0153,-0.0088,-0.0036
1313,0.0255,0.108,1.0565,0.01,0.0048,-0.0045
1314,0.0374,0.1127,1.0386,0.0063,-0.013,-0.0012
1315,0.0215,0.1057,1.0503,0.0134,0.0019,0.0013
1316,0.0478,0.1152,1.0238,0.0153,0.0013,-0.0039
1317,0.0202,0.1094,1.0622,0.0068,-0.014,-0.0015
1318,0.0486,0.1147,1.0201,-0.014,0.0297,0.0004
1319,0.0231,0.1025,1.0536,0.0217,-0.0434,-0.0007
1320,0.0161,0.105,1.0571,0.0174,0.0194,-0.0057
1321,0.0468,0.1184,1.0358,0.0226,-0.0246,-0.0035
1322,0.0214,0.1077,1.0573,0.0008,0.0047,0.0008
1323,0.0415,0.1082,1.0305,-0.0015,0.0136,-0.006
1324,0.0277,0.1123,1.0544,0.0109,-0.0112,-0.0011
1325,0.0306,0.1077,1.0438,0.0064,0.0051,0.0027
1326,0.0305,0.1089,1.0455,0.0137,-0.0216,-0.0005
1327,0.0302,0.1083,1.0439,0.0072,0.0024,0.0011
1328,0.0356,0.1093,1.039,0.0112,-0.01,-0.0035
1329,0.0296,0.1058,1.048,0.0068,-0.0024,-0.0017
1330,0.0346,0.1071,1.0432,0.008,-0.0015,-0.0019
1331,0.0317,0.1108,1.048,0.0095,-0.0044,-0.0012
1332,0.0314,0.1094,1.0465,0.0084,-0.0004,-0.0019
1333,0.033,0.1116,1.0432,0.0109,-0.0049,-0.0017
1334,0.0309,0.1127,1.0439,0.0107,-0.0025,-0.0017
1335,0.0312,0.1103,1.0453,0.0095,-0.0005,-0.002
1336,0.0334,0.1071,1.0443,0.0073,-0.002,-0.0015
1337,0.032,0.1113,1.0446,0.0064,-0.0028,-0.0027
1338,0.0348,0.1061,1.0454,0.0097,0.0,-0.0037
1339,0.0317,0.1077,1.0474,0.0119,-0.0024,-0.0023
1340,0.0323,0.1102,1.0458,0.0092,-0.0015,-0.0012
1341,0.032,0.1108,1.0414,0.0073,-0.0044,-0.002
1342,0.0336,0.1094,1.0458,0.0113,-0.0024,-0.0001
1343,0.0309,0.1104,1.0459,0.0089,-0.0037,-0.0036
1344,0.0325,0.1111,1.0427,0.0088,-0.0053,-0.0017
1345,0.0319,0.1055,1.0455,0.01,-0.0037,-0.0008
1346,0.0311,0.1097,1.0454,0.0126,-0.0017,-0.0029
1347,0.0338,0.1085,1.0457,0.0048,-0.0029,-0.0013
1348,0.032,0.1084,1.0433,0.0076,-0.0011,-0.0027
1349,0.0319,0.1111,1.0419,0.01,-0.0009,-0.0009
1350,0.0307,0.1126,1.0447,0.0108,0.0,-0.0017
1351,0.0327,0.1136,1.0458,0.0075,-0.0029,-0.0023
1352,0.0298,0.1119,1.0403,0.0079,-0.0016,-0.0016
1353,0.0322,0.1113,1.0433,0.0128,0.0003,-0.0024
1354,0.0317,0.1083,1.0468,0.0091,-0.0052,-0.0009
1355,0.0327,0.1096,1.0455,0.0096,-0.0047,-0.0016
1356,0.0321,0.1111,1.045,0.0059,-0.0045,-0.002
1357,0.0333,0.108,1.0439,0.0133,-0.0033,-0.0008
1358,0.0334,0.1124,1.0448,0.0052,-0.0028,0.0004
1359,0.031,0.1103,1.0433,0.0061,-0.0021,-0.0036
1360,0.0316,0.1085,1.0433,0.0084,-0.002,-0.0005
1361,0.0313,0.1104,1.0452,0.01,-0.0001,-0.0003
1362,0.0327,0.108,1.0448,0.0107,-0.0011,-0.0028
1363,0.033,0.1063,1.0441,0.0052,-0.0035,-0.0028
1364,0.0318,0.1095,1.042,0.0104,-0.0024,-0.0023
1365,0.0296,0.1099,1.0441,0.0128,-0.0016,-0.0017
1366,0.0302,0.1115,1.0443,0.0072,-0.0029,-0.0036
1367,0.033,0.1134,1.042,0.006,-0.0047,-0.0024
1368,0.0329,0.1137,1.0439,0.0101,-0.0017,-0.0023
1369,0.031,0.1122,1.0434,0.0113,-0.0048,-0.0023
1370,0.0311,0.1117,1.045,0.0076,-0.0037,-0.0008
1371,0.0317,0.1121,1.0439,0.0085,-0.0033,-0.0015
1372,0.035,0.1077,1.042,0.0121,-0.0023,-0.002
1373,0.0341,0.1083,1.0463,0.0088,-0.0019,-0.0012
1374,0.0314,0.1107,1.0441,0.0056,-0.0031,-0.0011
1375,0.0289,0.1085,1.0453,0.0092,-0.0043,-0.0037
1376,0.0318,0.1124,1.0446,0.0105,-0.0013,0.0
1377,0.0311,0.1104,1.0465,0.0083,-0.0016,-0.0009
1378,0.0314,0.1118,1.0421,0.0048,-0.004,-0.0011
1379,0.0322,0.1093,1.0441,0.0089,-0.0027,-0.0021
1380,0.0306,0.1088,1.0452,0.0096,-0.0023,-0.0001
1381,0.0309,0.1097,1.045,0.0097,-0.0045,-0.0028
1382,0.0326,0.1097,1.0446,0.01,-0.0033,-0.0024
1383,0.031,0.1105,1.0446,0.0091,-0.0019,-0.0011
1384,0.0325,0.1116,1.0452,0.0141,-0.0025,-0.0021
1385,0.0317,0.1118,1.0444,0.0057,-0.0032,-0.0005
1386,0.0326,0.1133,1.0447,0.0073,-0.0023,-0.0024
1387,0.0309,0.1078,1.0436,0.0091,-0.0027,-0.0011
1388,0.0315,0.1099,1.0462,0.0096,-0.0012,-0.0023
1389,0.0313,0.1117,1.0455,0.008,-0.0037,-0.0017
1390,0.0317,0.1061,1.0465,0.0067,-0.0035,-0.0024
1391,0.032,0.1089,1.0444,0.0117,-0.0024,-0.002
1392,0.0313,0.1089,1.0475,0.0107,-0.0019,-0.0015
1393,0.0296,0.1129,1.0452,0.0085,-0.0027,-0.0017
1394,0.0316,0.1098,1.0457,0.0093,-0.0036,-0.0027
1395,0.0317,0.1127,1.0448,0.0124,-0.0019,-0.0017
1396,0.0297,0.1137,1.0451,0.0097,-0.0036,-0.0005
1397,0.033,0.11,1.0436,0.0075,-0.0028,-0.0036
1398,0.0312,0.1091,1.0428,0.0071,-0.0033,-0.0001
1399,0.032,0.1083,1.0456,0.0132,-0.0021,-0.0032
1400,0.0317,0.1097,1.0449,0.0123,-0.0029,-0.0025
1401,0.0324,0.1113,1.0427,0.0067,-0.0029,-0.0028
1402,0.0305,0.1139,1.0448,0.0079,-0.0019,-0.0028
1403,0.0296,0.1083,1.0419,0.0084,-0.0017,-0.0024
1404,0.035,0.1095,1.0479,0.0104,-0.0049,-0.0008
1405,0.033,0.1094,1.0435,0.0048,-0.004,-0.0019
1406,0.0328,0.1071,1.0446,0.0085,-0.0023,0.0
1407,0.0317,0.108,1.0466,0.0121,-0.0021,-0.0019
1408,0.0327,0.109,1.0455,0.0095,-0.0032,-0.0016
1409,0.0311,0.1073,1.0448,0.0088,-0.0039,-0.0005
1410,0.0306,0.1132,1.0439,0.0079,-0.0017,-0.0021
1411,0.0304,0.1118,1.0459,0.0117,-0.0027,-0.0008
1412,0.0338,0.1129,1.0441,0.0091,-0.0036,-0.0008
1413,0.0331,0.1082,1.0463,0.0099,-0.0023,-0.0015
1414,0.032,0.1119,1.0438,0.0095,0.0005,-0.0032
1415,0.034,0.1086,1.0493,0.01,-0.0035,-0.0007
1416,0.0338,0.1082,1.0458,0.0096,-0.0013,-0.0031
1417,0.0299,0.1106,1.0434,0.0055,-0.0028,-0.0005
1418,0.0323,0.1087,1.0461,0.0125,-0.0009,-0.0024
1419,0.0322,0.1094,1.0439,0.0101,-0.0028,-0.0009
1420,0.0325,0.1099,1.0467,0.0096,-0.0021,-0.002
1421,0.032,0.1119,1.0436,0.008,-0.0028,-0.0012
1422,0.0326,0.1076,1.0446,0.0104,-0.0032,-0.0008
1423,0.0308,0.1097,1.0449,0.0097,-0.0033,0.0
1424,0.0325,0.1113,1.0445,0.0063,-0.0041,-0.0007
1425,0.0345,0.1056,1.0439,0.0109,-0.0033,0.0
1426,0.0323,0.1085,1.047,0.0079,-0.0007,-0.0017
1427,0.0342,0.1105,1.0457,0.0096,-0.0044,-0.0032
1428,0.0315,0.1106,1.0439,0.0099,-0.0037,0.0011
1429,0.0319,0.112,1.0443,0.0091,-0.0017,-0.0039
1430,0.0326,0.1111,1.0416,0.0077,-0.0025,-0.0004
1431,0.0328,0.1091,1.0425,0.0099,-0.0043,-0.0017
1432,0.0333,0.1118,1.045,0.0075,-0.0031,-0.0001
1433,0.0332,0.1115,1.0438,0.0097,-0.0029,-0.0021
1434,0.0319,0.1078,1.0426,0.0109,-0.0032,-0.0016
1435,0.0317,0.1063,1.0435,0.0083,-0.0035,-0.0019
1436,0.0324,0.1073,1.0439,0.0073,-0.0021,-0.0019
1437,0.0309,0.1104,1.0413,0.0103,-0.0027,-0.0007
1438,0.0305,0.1134,1.0451,0.0083,-0.0039,-0.0016
1439,0.0305,0.1119,1.0448,0.0099,-0.0032,-0.0028
1440,0.0321,0.1109,1.0453,0.0077,-0.0027,-0.0021
1441,0.0313,0.1105,1.0453,0.0073,-0.0021,-0.0007
1442,0.0317,0.11,1.0466,0.0096,-0.0017,-0.0029
1443,0.0326,0.1085,1.0455,0.0076,-0.0041,-0.0003
1444,0.0339,0.1107,1.0454,0.0104,-0.0032,-0.0013
1445,0.0325,0.1125,1.0445,0.008,-0.0027,-0.0016
1446,0.0316,0.1119,1.0451,0.0096,-0.002,-0.0031
1447,0.0342,0.1095,1.0439,0.0089,-0.0031,-0.0015
1448,0.0322,0.1113,1.0444,0.0111,-0.0019,-0.0021
1449,0.0341,0.1077,1.0446,0.0104,-0.0031,-0.0016
1450,0.0321,0.106,1.0434,0.0075,-0.0041,-0.0009
1451,0.0333,0.1086,1.0441,0.0085,-0.0025,-0.0015
1452,0.0309,0.1072,1.0425,0.0091,-0.0029,-0.0021
1453,0.0303,0.1077,1.0446,0.0117,-0.0051,-0.0019
1454,0.0328,0.1119,1.0452,0.0091,-0.0029,-0.0017
1455,0.0318,0.1111,1.0435,0.0063,-0.0015,-0.0013
1456,0.0311,0.1102,1.0448,0.0116,-0.0025,-0.0009
1457,0.0297,0.1113,1.0442,0.0093,-0.0035,-0.0012
1458,0.0311,0.1104,1.0415,0.0104,-0.0032,-0.0027
1459,0.0324,0.1081,1.0439,0.0099,-0.0048,-0.0012
1460,0.0327,0.1107,1.043,0.0059,-0.0037,-0.0021
1461,0.0319,0.1088,1.046,0.0083,-0.0035,-0.0011
1462,0.0304,0.1094,1.0438,0.0099,-0.0024,-0.0023
1463,0.0295,0.1108,1.0422,0.0079,-0.0044,-0.0013
1464,0.0316,0.1135,1.0447,0.0072,-0.0021,-0.0011
1465,0.0325,0.1096,1.0443,0.0124,-0.0016,-0.0015
1466,0.031,0.1093,1.0439,0.0084,-0.0027,-0.0003
1467,0.0338,0.1089,1.0443,0.006,-0.002,-0.002
1468,0.0316,0.1089,1.046,0.0096,-0.0028,-0.002
1469,0.0303,0.1116,1.0453,0.0129,-0.004,-0.0012
1470,0.0316,0.1099,1.0439,0.0068,-0.0047,-0.0009
1471,0.0336,0.1104,1.0442,0.0083,-0.0051,-0.0017
1472,0.0337,0.1111,1.0432,0.0105,-0.0021,-0.0015
1473,0.0331,0.1143,1.0432,0.0096,-0.0025,-0.0008
1474,0.0334,0.111,1.0454,0.0079,-0.0017,-0.0024
1475,0.0301,0.1093,1.0454,0.0087,-0.0009,-0.0008
1476,0.0313,0.1096,1.0436,0.0095,-0.0031,-0.0023
1477,0.0319,0.1087,1.0472,0.0096,-0.0035,-0.0011
1478,0.0328,0.107,1.0454,0.0081,-0.0015,-0.0021
1479,0.0327,0.1082,1.0436,0.0089,-0.0035,-0.0028
1480,0.0332,0.1097,1.045,0.0099,-0.0028,-0.0041
1481,0.0321,0.1108,1.0475,0.0107,-0.0037,-0.0013
1482,0.0325,0.1107,1.0458,0.0112,-0.0031,-0.0024
1483,0.0319,0.1081,1.0477,0.0073,-0.0031,-0.0007
1484,0.0325,0.1115,1.0434,0.0095,-0.0019,-0.0011
1485,0.0314,0.1116,1.0443,0.0095,-0.0024,-0.0023
1486,0.0323,0.108,1.0436,0.0093,-0.0033,-0.0016
1487,0.033,0.1085,1.0444,0.0104,-0.0023,-0.0015
1488,0.0313,0.1089,1.0428,0.0091,-0.0023,-0.0019
1489,0.0328,0.1115,1.0436,0.0091,-0.0032,-0.0047
1490,0.0302,0.1102,1.0443,0.0083,-0.0028,-0.0008
1491,0.033,0.1114,1.0456,0.0089,-0.0023,-0.0011
1492,0.0319,0.1124,1.0413,0.0096,-0.0028,-0.0011
1493,0.0325,0.1076,1.0463,0.0113,-0.0012,-0.0024
1494,0.0312,0.1086,1.0444,0.0087,-0.0024,-0.0013
1495,0.0305,0.1068,1.0451,0.0075,-0.0024,-0.0025
1496,0.0317,0.1086,1.0445,0.0108,-0.0039,-0.0021
1497,0.0346,0.1083,1.0462,0.0088,-0.0031,-0.0011
1498,0.0313,0.1112,1.0439,0.0105,-0.0033,-0.0027
1499,0.0314,0.1106,1.0457,0.0076,-0.0024,-0.0004
1500,0.0326,0.1105,1.0468,0.013,-0.0025,-0.0012
1501,0.0316,0.1123,1.0426,0.0099,-0.0043,-0.0005
